2TTAPkrGQQOZkaUTUlt21Q, 2016-09-26T07:09:57Z
0KBjFrKkWhJMjdLX1wBgzg, 2016-09-26T07:09:58Z
6IVIsIJXFUxyyG2Bp2AEaq, 2016-09-26T07:09:58Z
754cLTbgHNJDIKDxjDsMkI, 2016-09-26T07:09:59Z
3acQT3MMEyZgWKRChD92W3, 2016-09-26T07:10:00Z
3exgW5tkROeKtsA1oglTCU, 2016-09-26T07:10:01Z
2hMNP81ebBKjVs3D7CMG3p, 2016-09-26T07:10:01Z
3IxTzXsvEeKmVDewO5Gqp9, 2016-09-26T07:10:02Z
3c0phV53oxoCUmpuFkBUgU, 2016-09-26T07:10:03Z
1K5wIDgNBgT7lVOMibiRAE, 2016-09-26T07:10:04Z
70LIe5IYE2TI8qqxePAoOR, 2016-09-26T07:19:14Z
0DuuEawKZv0CaPpojnMciU, 2016-09-26T07:19:16Z
4dUOAFN1Yk2TuslROwZcdX, 2016-09-26T07:19:21Z
0cF4mPq0ySXYCH7m46jAEj, 2016-09-26T07:19:25Z
4wcCoYcwExlzVeGMFDDGA3, 2016-09-26T07:19:33Z
49j1UwCxDAO3GIyREYScJ6, 2016-09-26T07:59:16Z
5adZJgLKDMlZGDBsVIKVML, 2016-09-26T07:59:18Z
6GXHs5QcBswJnoC5IoZ9lp, 2016-09-26T07:59:20Z
6IELxA0VjPNUCQDHPA3P1g, 2016-09-26T07:59:23Z
6MqfTP3OwngywVTOS5OAFt, 2016-09-26T09:59:11Z
6OS8LdGuhTz7kONDDlRpz6, 2016-09-26T09:59:13Z
6f1SuRXs5fotwtYxvuHoIW, 2016-09-26T09:59:15Z
6zBpwjeoQPbBaqMveqms5k, 2016-09-26T09:59:18Z
7GPkaA7ZYLKOsZylGPoxDQ, 2016-09-26T09:59:22Z
7aLmXsjSffnvXlsBrATTn9, 2016-09-26T14:05:34Z
7wotdNGMm6PrQ9xUXYQtVp, 2016-09-26T16:01:51Z
7xRemq7GLu0Tbqe9OckG87, 2016-09-26T16:01:53Z
06IMCyZxJLmfBqyKb38ykw, 2016-10-03T05:32:12Z
0WTBulRiP4Em89RGXNpGcp, 2016-10-03T05:32:13Z
0hia3XiJkFZqBkToRyX83g, 2016-10-03T05:32:14Z
1Esg3UuEiKSqdTv8fQ682w, 2016-10-03T05:32:21Z
08JnzFfXzjSvxC63J2gcId, 2016-10-03T05:32:22Z
1jXekDZ8gJ9XhYN5lwklQL, 2016-10-03T05:32:23Z
6HMTFZZKosgOXFQyGWQart, 2016-10-03T05:32:24Z
1eCRx33bZ6Z8vP3T3RpfYk, 2016-10-03T05:32:26Z
1zCrjmplbeiO1k1KCs0E1f, 2016-10-03T05:42:04Z
34KHncaS0QzoVSq3weFyEC, 2016-10-03T05:42:05Z
37zQe1LypHRLyig1wo7q4G, 2016-10-03T05:42:06Z
3bbrRAkdoeVuCffPeRWUUV, 2016-10-03T05:42:07Z
5aDcKVJ7YTgAxyT27S0YVb, 2016-10-03T05:42:07Z
3IC0jW5eDggMCsemC4eHTM, 2016-10-03T05:42:08Z
4XiRjUElwREYMDh74caLKu, 2016-10-03T05:42:09Z
4h0LDG7Ji9G2dxG1hb6JoL, 2016-10-03T05:42:10Z
4hXfw3LYoQTqfCf4K7Nxcd, 2016-10-03T05:42:11Z
4nJCE9UyNXhuERnSX8YgSH, 2016-10-03T05:42:13Z
4lcHi1Rvfx3alej9qEezPm, 2016-10-03T05:42:13Z
51NHmSOPGDM5zGVooMEDRm, 2016-10-03T05:42:17Z
0vm9tMgto3CrLEvuWzemZ9, 2016-10-03T05:42:19Z
5cbPK6WnabgkNURIcMscRd, 2016-10-03T05:42:20Z
5ewWPpHtJjSuI9UoXN8wcC, 2016-10-03T05:42:21Z
5ikLBjYfD6E01osTsTUdG9, 2016-10-03T05:42:24Z
5uDu2qOoDou7cFXsipAo8l, 2016-10-03T05:42:25Z
5K9kCwY1e68H7JxU6893Uv, 2016-10-03T05:57:47Z
6uNyTYOEaNOY38r1dgoqAL, 2016-10-03T05:57:48Z
7nZ905nkN22IwdImOXl1N7, 2016-10-03T05:57:49Z
71YuK59hLjyyzn28YKxuOC, 2016-10-03T05:57:49Z
7u8TLEgrY13mAXjzNUFe1S, 2016-10-03T05:57:50Z
05DohKWCxbesK6ezHYFJFY, 2016-10-10T05:31:49Z
0YPIETceecHVR0VWuRPRT3, 2016-10-10T05:31:49Z
0WNGPpmWqzPnk0psUhJ3SX, 2016-10-10T05:31:50Z
1LclSylnnHUKdrCZjS0V6M, 2016-10-10T05:31:51Z
1ArPaGroPm9Dm9PuVXchcI, 2016-10-10T05:31:51Z
3NSnGpJL902wG2QUkt9CsT, 2016-10-10T05:31:52Z
1s5wRbjKYS4PwvRiUDGtVt, 2016-10-10T05:31:53Z
4Rw5ErjPrtzAa4lJz4KfxM, 2016-10-10T05:31:54Z
2Kn18Ucfr9H7rOgyoc5Y6J, 2016-10-10T05:31:55Z
2cBsbfrtkRTyABfWHDZBAH, 2016-10-10T05:31:55Z
3kzIjUWjZkiMZ1x4zyDJN0, 2016-10-10T05:31:56Z
37RqEET1SYQaAcHDxDQLZY, 2016-10-10T05:31:56Z
3RU9FC0SZpEa2a4MqEJXSK, 2016-10-10T05:31:57Z
6iCpHc4eChzeIZOSKd0NaZ, 2016-10-10T05:31:58Z
442ekDJOfQ2Hw1ds3NJvdk, 2016-10-10T05:31:59Z
5vwxKVF9lM8Hk0zv0L8J1X, 2016-10-10T05:31:59Z
6W5Y6TSovS7gxOy6CfB9eA, 2016-10-10T05:32:00Z
0Lu3R05qdfQIXeGHS720Xq, 2016-10-10T05:32:01Z
6jP3pMCZju4GL1chDJYFVE, 2016-10-10T05:32:02Z
523qoxtSZJE2io945dAkVk, 2016-10-10T05:32:02Z
56A2b7HaPMzTsIOicdnet1, 2016-10-10T05:32:03Z
5NHyNFYxLRifc2kI1FqDUP, 2016-10-10T05:32:04Z
3RzaTEmvPxsKCGlMI5r7za, 2016-10-10T05:32:12Z
0xssUV1KEA6yo45LKn91eR, 2016-10-10T05:32:14Z
6duiokdiw9dEJe7PEgK30h, 2016-10-10T05:32:15Z
70tBw295bLL8B13Jg3SNUs, 2016-10-10T05:32:20Z
7xZznhhxSqiogXbQdtguQk, 2016-10-10T05:32:23Z
2O9tswcCXWYcpcFkpZPdYn, 2016-10-17T06:09:13Z
08ZsI74y3P6mQw8En1c6tQ, 2016-10-17T06:09:14Z
26WNKAgxNfg1MkhpBrx8UV, 2016-10-17T06:09:14Z
2n0EDWSAL70IcaEv5nBDZl, 2016-10-17T06:09:15Z
1Ecj44aLEpLZ6DhgFwec1T, 2016-10-17T06:09:16Z
1HekgBxdO7jyoCaFYznTkM, 2016-10-17T06:09:16Z
4vzKNjVZaE751JITh9XGGy, 2016-10-17T06:09:17Z
1ZXZQqS5hNvnKvhK8Q6Vz3, 2016-10-17T06:09:18Z
1fpSdqEoXJBEr4HGQhWcxP, 2016-10-17T06:09:19Z
5RySeAUvcrqyHqEVjdnTIL, 2016-10-17T06:09:20Z
4pJdnwJWBhR6juiDcV93pa, 2016-10-17T06:09:20Z
2JO3HwMRPeya8bXbtbyPcf, 2016-10-17T06:09:21Z
2MUsTTGSu6IGcfCLHdtZfM, 2016-10-17T06:09:23Z
2lJD4QSEFvAjVZt1jOwJOa, 2016-10-17T06:09:25Z
532vUWQxAFkx4EwPWMbad6, 2016-10-17T06:09:26Z
3gAwdYTbgnTZWXSiAZbPEE, 2016-10-17T06:19:11Z
3r6qBrDohX6BTeU8gPC6BS, 2016-10-17T06:19:13Z
3xDNwgSqxs7FcuxrII7cHj, 2016-10-17T06:19:19Z
4HgkHw6qpSu4uzfzfJkPdh, 2016-10-17T06:19:24Z
51ml2bJs9zDLv1PbzNQzPP, 2016-10-17T06:29:19Z
1cnKr9nO2TjXWyAfcb72We, 2016-10-17T06:39:12Z
4yzGjYzVh8jTuxewHaVRGv, 2016-10-17T06:39:23Z
5qDIWRL7YLAaCBsevzRl1N, 2016-10-17T06:59:16Z
5wBi26umb4oxXLmpJ32BWV, 2016-10-17T06:59:20Z
5yvX1qvfhN36ZZDZ3E2z8T, 2016-10-17T06:59:22Z
5SD7YP8c77mEoDNWLIrGo2, 2016-10-17T07:39:47Z
7Hvs1HWwtwoPnw2vkNzY6t, 2016-10-17T07:39:48Z
4o5mY4nCdSxni0vaHJGp81, 2016-10-17T07:39:49Z
00Roxf5Opk9tpXXhIAQl8i, 2016-10-24T05:33:27Z
0agoaPIy92gPZ6zRhqXarE, 2016-10-24T05:38:09Z
0RDm6nifR4k5mHUpX3ZDq7, 2016-10-24T05:38:11Z
0Y6mbxyg9qE17J5YIbi4Kx, 2016-10-24T05:38:12Z
0jXmjcOI4hG6vF2KL67uKW, 2016-10-24T05:38:13Z
0lIoG1PTOcPjJp9Ct99wRL, 2016-10-24T05:38:15Z
4oM4MpBFteRuZcIpv28UoZ, 2016-10-24T05:38:17Z
1mTwxNQSCsgQJxBjEpaGH0, 2016-10-24T05:38:18Z
1p5cvMwW2SIK7fdssaJgQ0, 2016-10-24T05:38:21Z
0W0BDGgVnwWwMEaWwEZntk, 2016-10-24T05:38:23Z
05Yv5shaMJ0SZ0HTKmrEYl, 2016-10-24T05:38:27Z
2pm72A1aBHKwqr05xaDW8h, 2016-10-24T05:38:28Z
3C7AP0nIeqOpinUUQFEi9w, 2016-10-24T05:43:10Z
3KtjOIeBcB9teZrtjJuFQy, 2016-10-24T05:43:11Z
3mhOLoG1Obp9GDNml36JnG, 2016-10-24T05:43:12Z
40rZKDd8QSBFmaJhRseFLq, 2016-10-24T05:43:14Z
468OjJdSYyN77e1tYj4O6Y, 2016-10-24T05:43:15Z
4M88Wd7Aps5LGRWMOC7gSH, 2016-10-24T05:43:16Z
5EjQaJepqPcGG2NQM9fNPG, 2016-10-24T05:43:18Z
5LawMt3aszO8M3IXzXXesM, 2016-10-24T05:43:19Z
5jxKCf7EPQCoiMgD5Fzjlq, 2016-10-24T05:43:21Z
5wN0Qf0iHLcWbCugUtQLNp, 2016-10-24T05:43:22Z
5wdlG60d0WHoo8P3QzrlbG, 2016-10-24T05:43:24Z
6FoiYxJ0gzO0FcmWx9jxBq, 2016-10-24T05:43:26Z
1CGU9fJLLerPaN6Hb9vijN, 2016-10-24T05:48:13Z
6PNz453uZMEmXArP0iDKAl, 2016-10-24T05:48:15Z
7IcAycftRPFf87DQaotor7, 2016-10-24T05:48:18Z
4ANcPgxUsy5xTUkFbUTuOc, 2016-10-24T05:48:23Z
48VIEe8cReOcBhpEVgQtFn, 2016-10-31T05:32:03Z
0nc7EDey5fciSQGeYdAevx, 2016-10-31T05:32:04Z
0z9wCwoW9rNZaAuL2UIwwV, 2016-10-31T05:32:04Z
12FYltqpNguFpKC92M293L, 2016-10-31T05:32:05Z
1OVtS5FkXx73hqQmWflOA5, 2016-10-31T05:32:06Z
3I0nhbFCrZ6ATxCMQjeibA, 2016-10-31T05:32:06Z
5E0zmXN9E5gJREtMadj0rd, 2016-10-31T05:32:07Z
22nxxO4PW0kTP6hfHJ7YmE, 2016-10-31T05:32:08Z
23SDAWj9QEg7KEB77MMFPf, 2016-10-31T05:32:09Z
14BbMix6AU2KV6ne3DF6vw, 2016-10-31T05:32:09Z
2IPiN6vIKqdDQLB1q7fp4b, 2016-10-31T05:32:10Z
2t0tVmiSkHWvKgojpjO21Z, 2016-10-31T05:37:12Z
3Z6aY997cM7QK28xjEF5EJ, 2016-10-31T05:37:13Z
1pXvZZ7Ubwt4rpDt3JEHdY, 2016-10-31T05:37:14Z
3w5YryukHLwgjlYMP3M2le, 2016-10-31T05:37:16Z
4Xhhj19dCT1Irw6qgn3xpj, 2016-10-31T05:37:17Z
3oXfjiqoymxXos2PJK7C13, 2016-10-31T05:47:16Z
5DypD7XtG4L7a9tMF9FOIg, 2016-10-31T05:47:17Z
5TROhLWdqB5oqmg4U74MST, 2016-10-31T06:02:08Z
1j57OIXW7Wbb72x88yDJDc, 2016-10-31T06:02:09Z
61rjspU9Rmf2NdrSmkVv0v, 2016-10-31T06:02:10Z
6ImwMvodR57EIurvRqUi0q, 2016-10-31T06:02:11Z
0nIfIiTrlOeiFEYpVCJZtY, 2016-10-31T06:02:11Z
0J9OyYUa5kMWY321UdGSnh, 2016-10-31T06:02:12Z
71WqvkGjsAgtWP4ogzjsJd, 2016-10-31T06:02:13Z
6hkTlCORJcGHTFsYJA2Czm, 2016-10-31T06:02:14Z
6jo8PZRTh1GLsMPy4d32UL, 2016-10-31T06:02:16Z
7D6xMEUjTkSSldjHBttSlO, 2016-10-31T06:02:17Z
4nYjWHiRyaSIOY8Y9Jpcmz, 2016-10-31T06:02:19Z
00tygVu9Jqie5Vk9VqPhF5, 2016-11-07T05:40:14Z
1CLmFKW99S8eJrebO3GB04, 2016-11-07T05:40:15Z
0W1YtIKd2npLkP213C3gR0, 2016-11-07T05:40:16Z
0u7nB1PFBfGdKh8TrwRilH, 2016-11-07T05:40:17Z
13tnv0a8pXDcnvn1W7gCCO, 2016-11-07T05:40:17Z
1RH4H0hiUldJh2S6fTAFLV, 2016-11-07T05:40:18Z
5jxY2Iol8RF3BtfmjTLxWs, 2016-11-07T05:40:19Z
5uZLsGY9fknBd5Rxr7AIss, 2016-11-07T05:40:20Z
1FxlwrXp98QA6qh2jYDCpt, 2016-11-07T05:40:21Z
2TiuOsgEVMvJy6Uh63A2u2, 2016-11-07T05:40:21Z
2dV128mnCKya4K6ClAhw8e, 2016-11-07T05:40:22Z
3reNsyf7pSOX8R8hbRoJS2, 2016-11-07T05:40:23Z
6Gf18C9Gbhe89VvrOFPi5Q, 2016-11-07T05:40:24Z
3OHdhLUobIIKskQHLJAaqe, 2016-11-07T05:40:24Z
3mqdOKo8tkWhRhVadXJj3v, 2016-11-07T05:40:25Z
4MrVjRiW5Q2bjJrl3FC9xF, 2016-11-07T05:40:26Z
4OnqJ1ml4Jgr5AAKNrrYCD, 2016-11-07T05:40:27Z
3m7XlfuLfbFiJFZHIjsIbs, 2016-11-07T05:40:27Z
4X4NrHp5VpibgirzuImxXd, 2016-11-07T05:40:28Z
55qPySC1z0iOE6532EnHG8, 2016-11-07T05:40:29Z
5BXBi5pLeJhblMVH2ltjpl, 2016-11-07T05:40:30Z
5EZH97EJPyRrLJx80Paflk, 2016-11-07T05:40:30Z
6Omb07SkH7gZzYkNKf1iRh, 2016-11-07T05:40:31Z
6ouq07JR52uMIDnHhFbrQ2, 2016-11-07T05:40:32Z
77QGAnD5nckngIJ1RFItEl, 2016-11-07T05:40:33Z
6QgOkkoIDcycUFmfUXaFil, 2016-11-07T05:55:32Z
7iRXxr5SlW13UYlVg2V6Zt, 2016-11-07T05:55:32Z
2WKI65drMzYrppA5nIZ6id, 2016-11-07T05:55:33Z
7qnEChnmqWmGGqWgK7ffqS, 2016-11-07T05:55:34Z
0J1CIpL8IuUf0OyijwkMFj, 2016-11-14T05:13:12Z
5CqmSwn8D1DuleBV1fOiCG, 2016-11-14T05:13:13Z
2aYvXJhIBrxcEnk7uCJCjN, 2016-11-14T05:13:14Z
1ldYmnw4FViuG9jgiprY4C, 2016-11-14T05:13:15Z
1xjaptI72LJvNF69LzEVaC, 2016-11-14T05:13:16Z
2EjQHNY358J7m1nUeMaWFw, 2016-11-14T05:13:17Z
2iPBrbddHlOc0lkqe3mTnK, 2016-11-14T05:13:18Z
2qKTOaX1ZeMWn3aKhpxkz5, 2016-11-14T05:13:19Z
2kEeZAuPAnsgKyeh9bpxxU, 2016-11-14T05:23:11Z
3UOlYczxtt70Xj1VplXgj8, 2016-11-14T05:23:12Z
3bZG5LMoqBiXDwSSi2p2VN, 2016-11-14T05:23:13Z
3rdQ7JjhnY7alXFig5v95Y, 2016-11-14T05:23:13Z
7sjtxLoc3aMzv3M3qq7gcR, 2016-11-14T05:23:14Z
1dPu844Y23ijeGsj9sbAZh, 2016-11-14T05:23:15Z
4AvmSuHmHLgQaovHWX9vhm, 2016-11-14T05:23:16Z
4CvYel9rQ2hC2sdw5uU8az, 2016-11-14T05:23:17Z
4rU6Yb8admwqo5yBd8kkL6, 2016-11-14T05:38:15Z
4PAeVlBwadwV3nlvi7COKz, 2016-11-14T05:38:16Z
50XA0BH4DJux5xJCXzBduW, 2016-11-14T05:38:17Z
5zpRUKG7MSRZvNjr25vJsl, 2016-11-14T05:38:18Z
3CDV4qpEK1fNkWygJsey5m, 2016-11-14T05:38:18Z
2P5mABk27DkOT8Gi2NbTpO, 2016-11-14T05:38:19Z
5eyuiPhFR4TeguD3xjh4O6, 2016-11-14T05:38:20Z
5jeDAq40nB1ZCTqZAZIlm6, 2016-11-14T05:38:21Z
06YrrH7Grwlv7askgPEe4H, 2016-11-14T05:38:21Z
6U9QiNNOAG3f2S7LWSof1S, 2016-11-14T05:43:07Z
6rpi77GqamZNoltbZ5ksdi, 2016-11-14T05:43:08Z
2TznENSzbfW1SBOaYlHgQb, 2016-11-14T05:43:08Z
0DwSMZycvxVKStsXe3Zp8v, 2016-11-21T05:27:05Z
0Mmy3PCBcajunPYSFTA6v7, 2016-11-21T05:27:05Z
6iONcGH0iIzAGKrJUMlOPy, 2016-11-21T05:27:06Z
10Zbcuxvlig5qUDmuGgEcL, 2016-11-21T05:27:07Z
1R28m5eWk1EV9FQ3puWrUp, 2016-11-21T05:27:07Z
0eQVGbUL13pZcI2YC3fcLI, 2016-11-21T05:27:08Z
2H4kCPzfEENS9FQJRiT06c, 2016-11-21T05:27:09Z
0ZyQCj9MI54dApFQqqTmXO, 2016-11-21T05:27:10Z
10AjxgpD5oDUBkLikGNKRd, 2016-11-21T05:27:10Z
34GUPIQPAG4kQlsHdClCkI, 2016-11-21T05:27:11Z
2kkJENGuusOzj1vXN3s0xO, 2016-11-21T05:27:17Z
4zWFLy9QxY12953sbsADNm, 2016-11-21T05:42:04Z
3yGECrjAhzkWpOxt17cdGr, 2016-11-21T05:42:06Z
3dqzoQSIRAIhAYNcaEswr2, 2016-11-21T05:42:06Z
4H3ZV1gtveBXnzEEtEmf4e, 2016-11-21T05:42:07Z
4ZX7QjwBqZTelll7to0d5S, 2016-11-21T05:42:07Z
2Fj81XOWDMAgsWbp5CUkSL, 2016-11-21T05:42:08Z
56e8Ac9LVRJf3SvVa9vVg0, 2016-11-21T05:42:09Z
5P9kSXsPkzbMP2D5UnjAfZ, 2016-11-21T05:42:10Z
3VCgYMoLf09TOFrZZxRaLU, 2016-11-21T05:47:14Z
6mStkvJ33OUgKVXI1DPArW, 2016-11-21T05:47:15Z
2cCG1e9VYnL7VPWsFJK6aL, 2016-11-21T05:47:18Z
0CxpSmyxzz6sFbnBSnZhPV, 2016-11-21T05:57:07Z
2MvZNgfN0oQuKv2fsSlOFR, 2016-11-21T05:57:08Z
6ggO9aFrV9RHWT0wyXX3f9, 2016-11-21T05:57:09Z
6u7UrwiZERRglVNSpgmxNf, 2016-11-21T05:57:10Z
736y1ZQptSw5iaMkbmvu9X, 2016-11-21T05:57:11Z
7cXF6ZVxPFfIaTuHkfit7U, 2016-11-21T05:57:12Z
4UfMAdZIMQi14qDu6n7mDv, 2016-11-28T05:16:21Z
17okhFS3QwBN3nsUZDrFBr, 2016-11-28T05:26:18Z
28XAji52kzSzmQ7pTMNv6B, 2016-11-28T05:26:19Z
2Daor9xhmx0OeYHFX69FTa, 2016-11-28T05:26:19Z
7gLc7xWkRHCkt8cJ2aczBN, 2016-11-28T05:26:20Z
2aBpM2g1EsuNcSjsUqcOeH, 2016-11-28T05:26:21Z
5rmcFRG9Lp6KK92CMQWxfD, 2016-11-28T05:31:12Z
1b9I54PWyWJAhlXVsH74SH, 2016-11-28T05:31:13Z
1WIxh60mkmQizKT6hiMTFM, 2016-11-28T05:31:14Z
3OcBH9Vzd1UwJkQd3r1dVG, 2016-11-28T05:31:15Z
5VBhJusjB0ujmdHQpDX0bR, 2016-11-28T05:31:16Z
3SWZ9fHtWMxwkFok5qhhpO, 2016-11-28T05:31:17Z
3mdo1znA61tI2RVALup1ft, 2016-11-28T05:31:17Z
3tJE8lFTLZIJb5fOJ2Ku7Y, 2016-11-28T05:31:18Z
6jpXbMkojsbyP1eOEG5vXq, 2016-11-28T05:31:19Z
2l1UgRD35MieMii4LyYksT, 2016-11-28T05:31:19Z
5s1EzFyoVIzxibs3h5SZkI, 2016-11-28T05:31:21Z
514ybzbNgtXoW106pAUDZo, 2016-11-28T05:41:09Z
58HeGyJx2bJafvmtHkjp37, 2016-11-28T05:41:09Z
5HWNgu2BeVH0UZ1Q9ufI2D, 2016-11-28T05:41:10Z
5jMuXTa5hECm37P7C0mbIB, 2016-11-28T05:46:55Z
5yA5XFK0oCl5VLxo6IxjrZ, 2016-11-28T05:46:56Z
5zrmY6grYtSpqWSQUOceym, 2016-11-28T05:46:56Z
6SQuvtRN0OUMnb5wMt4e32, 2016-11-28T05:46:57Z
6VcKx9zPiyfF5VgviGY6CT, 2016-11-28T05:46:58Z
6mRrCKQXduMCYFHNzd4FzL, 2016-11-28T05:46:58Z
6o8SclNJZqOXHztiSOIhjI, 2016-11-28T05:46:59Z
779yzSKfuVgQhwS5Kuj247, 2016-11-28T05:47:00Z
6oNs211OtOGzyZ2fvnMPHS, 2016-11-28T05:47:00Z
7qTq5Oo8GJOQmL1XUYOSe5, 2016-11-28T05:47:01Z
0V34LU5aBA3hYgq178hFFY, 2016-12-05T05:18:10Z
28mG6iikdrQtAqVQlatzuq, 2016-12-05T05:24:20Z
2zk7ai5KfeVVfSqmVZYAZg, 2016-12-05T05:24:21Z
0vADPIaJHGwnWFvSgrM123, 2016-12-05T05:24:21Z
1GYVFolrzA1ZWirojv1FNM, 2016-12-05T05:24:22Z
1XMQ4v75bj65rHBCDwaBGc, 2016-12-05T05:24:23Z
21MvjTTrMeCyzSOTaq0lMT, 2016-12-05T05:43:14Z
2AOia1qwgGdQFD4yQ8DpIB, 2016-12-05T05:43:14Z
2ZqoYcD76N4Zh2WEWdvosS, 2016-12-05T05:43:15Z
3Tojcf6hFcopbsuzUXPu2C, 2016-12-05T05:43:16Z
34miSNKQ0xN7EG8zzzaFzI, 2016-12-05T05:43:16Z
4v2Bs11kMVN7O6jDJvfPTa, 2016-12-05T05:43:17Z
3WrhludE014mFOLpDRVbH5, 2016-12-05T05:43:17Z
3ahec9rRdvMHQCgG6Ctfdv, 2016-12-05T05:43:18Z
3qI76fd56ASO38YDPER0Qv, 2016-12-05T05:43:19Z
4DmABSFNyMwpzOo1UvK8Nz, 2016-12-05T05:43:19Z
2hLUWy9FUautRQqbAQ66T9, 2016-12-05T05:43:20Z
4SurPMtvwtVn15QFgUEAV2, 2016-12-05T05:48:47Z
7B1h0Com19ccdjU8ukJdD4, 2016-12-05T05:48:47Z
52jCt6iAEPOzE8ZIjtdZVj, 2016-12-05T05:48:47Z
2P5isIB5PfwDrAFxLlSw6C, 2016-12-05T05:48:48Z
56AjofuW5AmuZMQCiQvoEf, 2016-12-05T05:48:48Z
5UxbjTLzDV72IWWLzVLAiF, 2016-12-05T05:48:49Z
5W5yTxsV46wZrBXfVZOkrs, 2016-12-05T05:48:49Z
6M340zMdDE9adjn5PWZS2o, 2016-12-05T05:48:50Z
5zMkbjQwmhHbwNCHhTqdk2, 2016-12-05T05:48:50Z
6WjbqOmojKX5fmSARc3jnH, 2016-12-05T05:48:50Z
7INaJv559yEkQuuhaOZMbJ, 2016-12-05T05:48:51Z
089RqHj5hQBj3xngYV3gn8, 2016-12-12T05:22:20Z
1QxmKMggKPykokcwBYvjso, 2016-12-12T05:22:21Z
1T1uSyhu7kKJn83TThb6tl, 2016-12-12T05:27:08Z
1X6huGO8p2p5aWIzvgcYeu, 2016-12-12T05:27:09Z
1dIsJuaxa98Vj0hWnWCPX5, 2016-12-12T05:27:09Z
1zrfoV26JfSedkbRcMHDys, 2016-12-12T05:27:10Z
29h3NmtIybnBQDJiTM8TuB, 2016-12-12T05:27:11Z
1zzbaz7h7WrqKs3CUmafTP, 2016-12-12T05:27:11Z
2TuHSCf1WjoJCPyk7FXSnh, 2016-12-12T05:27:12Z
2Vatw4rn2RAtRsX2p8opGa, 2016-12-12T05:27:13Z
6qx1IQwmitEgE4aEfCcqR6, 2016-12-12T05:27:14Z
367v0W8xNxj1QrzZAKDj6u, 2016-12-12T05:27:14Z
3bJxvUhRN4nJgab71HkIjc, 2016-12-12T05:27:15Z
3vzi9d2POmchUru3AY4qyx, 2016-12-12T05:27:16Z
4O2aCfXPP9FfPoIPixwVBz, 2016-12-12T05:27:16Z
1MA33zPgS3IAky79pewylG, 2016-12-12T05:27:16Z
4r8mi2ejg5dATIgXW5IiYf, 2016-12-12T05:27:17Z
5ogtb9bGQoH8CjZNxmbNHR, 2016-12-12T05:27:17Z
5Pcx9jZnWjXFWEJc8TsXgj, 2016-12-12T05:32:21Z
5kIwa0zEHZS4MEP7wvOgSV, 2016-12-12T05:32:22Z
55dp1B8oupdcyYvTjgoUCc, 2016-12-12T05:42:47Z
1ZuBqsl5K0riNCQ7ZLkPpw, 2016-12-12T05:42:47Z
6OCMtYgfHEOcTgEtwChvJE, 2016-12-12T05:42:48Z
6XeDolYt5Ktfz12kNQPWwR, 2016-12-12T05:42:48Z
0AbN2rJUcKYf4Qz7tdO4rY, 2016-12-12T05:42:48Z
7978vsDIHbrJ7sTKv8H5tz, 2016-12-12T05:42:49Z
7c7OlMH1yFVw2I8D6gKrZ7, 2016-12-12T05:42:49Z
0DF2L5iogeTm9DReWLoipE, 2016-12-19T05:37:18Z
0NNcqfgzO4ivslX7ALoz17, 2016-12-19T05:37:19Z
0WB1U2gQPrkCEHy2skpgep, 2016-12-19T05:37:19Z
52pXIxIQ5wAJLU69qeRXTv, 2016-12-19T05:37:20Z
0tJWc3RXOuli1FjEgzpCn7, 2016-12-19T05:37:20Z
0z4o7GgQW8DEQ56mMu6Elv, 2016-12-19T05:42:08Z
1Kapeb3t2nfeLN5Az1qaMX, 2016-12-19T05:47:17Z
1MDmOTjoaXsP7mqmGh029g, 2016-12-19T05:47:18Z
3My4k7TqhElpg2Qc1wGStX, 2016-12-19T05:47:19Z
2aqBvf4lxYnJ112aqVXEFA, 2016-12-19T05:47:19Z
4AulWBJD41rXzIrD4ajvh7, 2016-12-19T05:47:20Z
31OJj7LthTNCbHjY7cwIO0, 2016-12-19T05:52:15Z
0mGuPObwvSVHYN4oKqlqz5, 2016-12-19T05:52:16Z
3p71XizyLBEPzC1npgsT4J, 2016-12-19T05:52:16Z
0gALB4HQNNTBGCqGiw2zN8, 2016-12-19T05:52:17Z
4DjTp1Cktd3OdvmNrCkTOi, 2016-12-19T05:52:17Z
6u4S030NqTTZS0RSd27p5Q, 2016-12-19T05:52:18Z
4360tJiQv2OWcnkCmLGTWe, 2016-12-19T05:52:19Z
4YfJI7ViMo1PFrDDT88zOb, 2016-12-19T05:52:19Z
4tEaytMs86hIaOSsiGoLcP, 2016-12-19T05:52:20Z
0hH154tuA2DSZT3DiWQL6N, 2016-12-19T05:52:20Z
5bgAHjvbNuUg5djUGjUiTW, 2016-12-19T05:57:19Z
5dX9fDuiEkcEg12v6JQ4iO, 2016-12-19T06:02:13Z
6vUN8wDy8zWTGw61UxcW5O, 2016-12-19T06:02:14Z
6gifrVamdnrYxkXPV6ul0k, 2016-12-19T06:02:14Z
6zgqN9kveb7H3YmD2JRNRO, 2016-12-19T06:02:15Z
75Wpcg8OAyOHMwgdJCgRpe, 2016-12-19T06:02:15Z
3NiG2XOTfsBMjxwmo9tAr4, 2016-12-19T06:02:16Z
5mhhe90pTEQFj7iDt84Uba, 2016-12-19T06:02:16Z
04uwJ9uQ9C3MhgwP9NACU9, 2016-12-26T05:26:05Z
0JOKubEAJYJSh9DQ0hDDQq, 2016-12-26T05:26:06Z
0uGmhcJP4QQUIpaqKK6ESx, 2016-12-26T05:26:06Z
121qw9Rf4MqKDWPRqVTNod, 2016-12-26T05:26:07Z
5mNrbMgNFGVh05tKZTpRaU, 2016-12-26T05:26:07Z
1MZjYDGUdfJYidb0UnK9Xa, 2016-12-26T05:26:08Z
1a8VGp9Ossi9NJ6yIiLRYi, 2016-12-26T05:26:08Z
1as1HN1p45h1NxBzXDiyVm, 2016-12-26T05:26:09Z
2rHqkBMAbuvNvuAxRpZaaq, 2016-12-26T05:41:05Z
2sNGaLOMBIkyVFPsQqPQdW, 2016-12-26T05:41:06Z
2tQxrhLg9pN6NJZQqSkR2k, 2016-12-26T05:41:06Z
2yx7XX9v7M6yhm2fBG7K3E, 2016-12-26T05:41:07Z
60Quyc1WC345V5QA85WGVl, 2016-12-26T05:41:07Z
3GsgPqD9UY2QZrbDRkm6BN, 2016-12-26T05:41:07Z
3TKWCQMU7xYEEslFXsj51i, 2016-12-26T05:41:08Z
3hDJ0aEqeywrwGrr0Q3GZV, 2016-12-26T05:41:08Z
3l5KJ0oLt0jRRKj5Lx1BiR, 2016-12-26T05:56:04Z
4eyl6CaFdDW0jWAQiYyP6E, 2016-12-26T05:56:06Z
5Esuk5nhe9nBgTDLXZWh0V, 2016-12-26T05:56:07Z
5Yl623nUsrMf5QBe5dvzb3, 2016-12-26T05:56:08Z
5cAu2DK8rs1cqYfXLd4FbP, 2016-12-26T05:56:09Z
5cf1ZfI16kHp3S1ySpQ36G, 2016-12-26T06:01:19Z
17AlJnL4sQzYy0F1RCEuRi, 2016-12-26T06:01:20Z
5waUJCkM1jT8hU0htPf7zt, 2016-12-26T06:01:22Z
6Ur2L9zwFT2H2oa5Mnafcs, 2016-12-26T06:06:13Z
6cYuMMqqD2xusTVNNo6ume, 2016-12-26T06:06:13Z
6xPDj42lEk8lNYWZBhIKfU, 2016-12-26T06:06:14Z
7B4tAFVe0ijYr90M5Ryg8q, 2016-12-26T06:06:14Z
7qYXrz9oT0NOY5k1TMzNg8, 2016-12-26T06:06:15Z
0D6sB55ghk8IOOtoCoG83Z, 2017-01-02T05:29:12Z
0FD1twMfW4QoK7tcpOR1gR, 2017-01-02T05:29:13Z
3VGF2hT0B77GzToKwOKFFJ, 2017-01-02T05:29:14Z
0lgmBKxmBYmsi2OyGnG9E4, 2017-01-02T05:29:14Z
0oZhU8uZ3b4Wf9PhXEBSf2, 2017-01-02T05:29:15Z
1KjBsubnUzAU1dvxIEUky4, 2017-01-02T05:29:15Z
1hFpPuRsxBgOeE42QXxMpL, 2017-01-02T05:29:15Z
6bEbUCtTbxUpV5zJpc7NPw, 2017-01-02T05:29:16Z
1yebRwNzpmwO9sGUKGoEfR, 2017-01-02T05:29:16Z
2RAM2aTcf1FnzA4HIRSRDr, 2017-01-02T05:29:17Z
2eWEwCXPsjwxrxlGc77jXE, 2017-01-02T05:29:17Z
4BO2ijw6pifaJ4KGiYkhnI, 2017-01-02T05:29:18Z
3m6yfBxE7mUCPMSQChnC2z, 2017-01-02T05:29:19Z
1ccoydUADhGB4bcsuSlCas, 2017-01-02T05:34:13Z
59jz14e2H1EkNHiXY7kd05, 2017-01-02T05:34:13Z
2U2jIhfr40UtW9MtZCLVet, 2017-01-02T05:34:15Z
2kWzZVd50p6eZ6MuYFcmKR, 2017-01-02T05:34:16Z
60FaXKuiMVpmpvsabFEAD2, 2017-01-02T05:34:16Z
6Pso6GvWOxy42HVA4bsF0o, 2017-01-02T05:34:17Z
6Siga5Vl809RNaiUUs9C6f, 2017-01-02T05:34:17Z
6Ud16saJTj7RYZolKEENE3, 2017-01-02T05:34:18Z
6xqMgaf7GVLBrkCoELwRL1, 2017-01-02T05:34:18Z
72RLba4dZZmjCUtxjj8mFP, 2017-01-02T05:34:19Z
7iBVGmmFSNhf5ddFK1iCLj, 2017-01-02T05:39:04Z
3l8eQFszBZt8W3mpQ2oaBA, 2017-01-02T05:39:05Z
7zkF62wWH97g0ReWw0oPzD, 2017-01-02T05:39:06Z
0OSNN0ABo1HMgfGeMQ3pCr, 2017-04-03T01:27:15Z
1FuC6VKfdOA2QdGRVf84J7, 2017-04-03T01:27:16Z
6wNO9pbdZ6PHDCU6ek7ATr, 2017-04-03T01:27:17Z
1TB0dZqFRQsnf4fLLLRKQV, 2017-04-03T01:27:18Z
1TEvvaq5thKufLYdlwZV6d, 2017-04-03T01:27:19Z
1Xx9QQTuId5t3aOtSXFGUZ, 2017-04-03T03:27:13Z
20VuO95A8RxUPlShnfYArW, 2017-04-03T03:27:15Z
2UsREIjT72ZEZnhdvpyg7R, 2017-04-03T03:27:15Z
2hIMglkamH5fd6e0eByH22, 2017-04-03T03:27:17Z
0RqPaIaU3ET7UKKujThMTT, 2017-04-03T03:27:18Z
3N9xPlDl4BMbzYmziJ64Xs, 2017-04-03T07:27:13Z
3WJQDJH2MqZFJO0oknVHTf, 2017-04-03T07:27:14Z
2KSSbWLAWSzaso01DEP32W, 2017-04-03T07:27:14Z
42ec3lFRmB0bUE4UZfISJg, 2017-04-03T07:27:15Z
42t3o3iOVcD3iSWVnRP6SL, 2017-04-03T07:27:16Z
4w0dthfzhiPVmzXh7mnjbv, 2017-04-03T13:27:07Z
5UnVXDhRycTdH0aGeiTjWD, 2017-04-03T13:27:08Z
5jTYjDqLwWmJtCMx8P6oOF, 2017-04-03T13:27:09Z
5Z5YEyR5i8V8Ui2e5jGAAm, 2017-04-03T13:27:10Z
0z5yBrEtBkCy7Dsl0G8V2H, 2017-04-03T13:27:10Z
5EtknLCKEgoK9XdkEYUIHK, 2017-04-03T13:27:11Z
6nnSkEpzo8PmHsOlSopoO6, 2017-04-03T13:27:12Z
6uE4IomedrEcbFVXNNTYOQ, 2017-04-03T13:27:13Z
71WhsFMZI3JhEczyfbaq9d, 2017-04-03T13:27:14Z
22T1WM9p1PDb4TSRKmRpDP, 2017-04-03T13:27:15Z
6JtUHAH22sgKdPmwNhAWD3, 2017-04-03T13:27:15Z
10FLYqpqDN4uo6eWtD6WEB, 2017-04-03T13:27:16Z
0L7F1blNNYj3AjIu4gCjhP, 2017-04-09T23:30:47Z
4xw8UnKYxsiRFjigtQcVAL, 2017-04-09T23:30:48Z
0myE8GeUx66YM3uUlOvMbo, 2017-04-09T23:30:49Z
1OKkG3vxEuBBwLw1gCqdNW, 2017-04-09T23:50:14Z
0gkfB0HCgdLfVEVA5rPrhm, 2017-04-09T23:50:15Z
1d2GrPJtJXKUpW6K9OhF5x, 2017-04-09T23:50:15Z
2MivJKBsf8Urhe3T9p4GVx, 2017-04-09T23:50:16Z
2kmKrPOcHC0mDRa4UNHEeA, 2017-04-09T23:50:16Z
2yUWp0XKVH39LitcKH1ZAl, 2017-04-09T23:50:17Z
30eVRGwyRxhvTXLJbZE7Mp, 2017-04-09T23:50:18Z
3sxVEWDtMwY42OwoAQgM7h, 2017-04-09T23:50:18Z
45fq6kIQtooot7WVRsXAum, 2017-04-09T23:50:19Z
6BmJyZ9KkXRPNJLyKzArqa, 2017-04-10T00:10:05Z
5KVO54lVq9ivO3aZAnuk1M, 2017-04-10T00:10:05Z
1zPq6vX5yI96dBx7AVBtn4, 2017-04-10T00:10:06Z
5Oer8yskMaCGXwGSfM7xr9, 2017-04-10T00:10:07Z
5SmYRW8JySpZnsg0yzEFR5, 2017-04-10T00:20:48Z
5TysIim10uxdcYtUqftQlZ, 2017-04-10T00:20:48Z
5iG0MCrrQ70XH6DRakEdnP, 2017-04-10T00:20:49Z
5ye8vmJBwoTbLt3U3MXrFY, 2017-04-10T00:20:49Z
1Y4kxdVHz9Tkiu5uJ08zdo, 2017-04-10T00:20:50Z
681TtmHlM7MAh60fzskBUZ, 2017-04-10T00:20:51Z
6HsS6qMS88wAacUDIWINR6, 2017-04-10T00:20:51Z
1JdweBSkJMLjnNW6LzmXJ8, 2017-04-10T00:20:52Z
6VkcPDjsxIC7Y69LImyyBv, 2017-04-10T00:20:52Z
6fiG1M6mhrH82dgNwlRjJ1, 2017-04-10T00:20:53Z
73gFXHLfw8ym6guep2XaIb, 2017-04-10T00:20:53Z
77iRifbhkJGvGBBRNykUwN, 2017-04-10T00:20:54Z
5ZdSxbZ5EXxT37tw5LY4Xg, 2017-04-10T00:20:54Z
7vohiPrLvuuLdgRhvhcgqZ, 2017-04-10T00:20:55Z
03NQgRsoN7ZTj33KHnYmjo, 2017-04-16T23:18:17Z
0dvF4tXGoyPAfh5EzimNzT, 2017-04-16T23:18:17Z
57Mi3IzYO8jNRSRHwX7OA7, 2017-04-16T23:38:15Z
1mKp1q4Yt26oM7UkCyGzOX, 2017-04-16T23:38:16Z
27QsiQIp9enYFoOfiAnvii, 2017-04-16T23:38:17Z
2J9GLqNATExevUPvpLU1Sl, 2017-04-17T00:23:14Z
2SC0OwSqBMfVs9ZqUd3tZk, 2017-04-17T00:23:15Z
69Kzq3FMkDwiSFBQzRckFD, 2017-04-17T00:23:15Z
30wvVTkqA4Fp5ZCG0xGof7, 2017-04-17T00:23:16Z
0976zInf10AylHqowvZQPJ, 2017-04-17T00:23:16Z
3ecvnatX2V8cjPr1NMce05, 2017-04-17T00:23:17Z
1PDwcNzmHULWSH8hcfvyyF, 2017-04-17T00:23:18Z
7EABRkbCb5HbX4pOmC3IEK, 2017-04-17T00:23:18Z
7Bq0iyHYCOJ7lzRIC9fCDh, 2017-04-17T00:53:08Z
4cPynHy6YisnxMhPCMglO5, 2017-04-17T00:53:08Z
4jIO4fWetRQXS6Tw1XbhWD, 2017-04-17T00:53:09Z
54WlKznadriUurqSZOoDZ2, 2017-04-17T00:53:09Z
59Fbj2DV0qLaiLYFwno5ys, 2017-04-17T00:53:10Z
5Ee0wVyPuys66jaDo09eHY, 2017-04-17T00:53:11Z
7eZkm1v0XhA5Vd17b98JZc, 2017-04-17T00:53:11Z
16UNllg7uvOMjrvESqZ8CR, 2017-04-17T00:53:12Z
2xVtBEcsM6s2RsH8wkirhS, 2017-04-17T00:53:13Z
0mxllqjNUnBtF1uK7ODuhF, 2017-04-17T00:53:13Z
7z1gpYkPgwmXN7kjWRveYp, 2017-04-17T00:53:14Z
6l5Rzt6HhkL89NhWLOGom0, 2017-04-17T00:53:15Z
0RQYVmHaG3PPM5tcYwngN0, 2017-04-17T00:53:15Z
6yYGrFfc595ggAwsYpH13v, 2017-04-17T00:53:16Z
76lzzAan3eBHORVV36bgyF, 2017-04-17T00:53:16Z
7Lcz0kdcDOdt5IVBr4M2Od, 2017-04-17T01:03:12Z
3v96PVWraQRXr6Nh9BLtuK, 2017-04-17T01:03:12Z
06XPGuotPcqL3V7gzcO9u1, 2017-04-23T23:22:16Z
1H3ZQduz0fODn0HG4cIBqw, 2017-04-23T23:22:16Z
1B0Thx3eY7d6DCbiwiYHCK, 2017-04-23T23:22:17Z
1YT8xkroYGNLGR4qhuWLC4, 2017-04-23T23:22:17Z
1osYkIYegkLLnPutvItBta, 2017-04-23T23:32:18Z
7xng8Z3yJLjBi4NnVNOeNa, 2017-04-23T23:37:04Z
2jfiDZCg4UjLJEFktdcAV4, 2017-04-23T23:37:06Z
3GYuZ3lDc61TFq7zoYREEl, 2017-04-23T23:37:06Z
3VkHZ0k3XaGYwMitI8MSIz, 2017-04-23T23:47:17Z
3W9cVOB5q7h8z4FoU7ClFx, 2017-04-23T23:47:18Z
3c8TUzLgGlat7UMy04KxB6, 2017-04-23T23:52:15Z
428Pr1wkAglLvbIlYTvlGt, 2017-04-23T23:52:17Z
4Iyo50UoYhuuYORMLrGDci, 2017-04-23T23:52:17Z
4JKn9Xdui9ATGk2xhLBbFF, 2017-04-23T23:52:18Z
4bN43jYf41eIjJZ3UXQpuA, 2017-04-24T00:12:19Z
56LAHIIyWXTg7vYmVSGBUf, 2017-04-24T00:12:20Z
5U2Jfwv0R19vYvI51yf29c, 2017-04-24T00:27:05Z
5ZkVrmcXpByn8ab9I44Cnj, 2017-04-24T00:27:06Z
6fFH9bFBRzCThggPGeRirR, 2017-04-24T00:27:07Z
6HrYi2gwKxrwEtZX3Orype, 2017-04-24T00:27:07Z
0ZRmhs9YjaMmj5QGCw0lDe, 2017-04-24T00:27:08Z
6UGlSlhwl2MNhsrg5Wepq3, 2017-04-24T00:42:19Z
72T5smavl9ONfOwI0gHf1A, 2017-04-24T00:52:07Z
7BaDRi8gmRnOducT6KaOfc, 2017-04-24T00:52:08Z
7KS7EfTOFYoBudtsJlj6E2, 2017-04-24T00:52:08Z
7j1ABZOylWUPUIZTt5x6AL, 2017-04-24T00:52:09Z
0WIbzDVEpmOyBnqqdtqIL9, 2017-04-30T23:18:02Z
1UqhkbzB1kuFwt2iy4h29Q, 2017-04-30T23:18:03Z
1uI9yVpjOQc5AQZ582MrJF, 2017-04-30T23:18:05Z
29f6I4KlKwl8kdS4ZF2O04, 2017-04-30T23:18:05Z
2N2cvKMVnBYhCUwbgbKN5W, 2017-04-30T23:28:14Z
2zl39AMYwO0jL9SRBBWK6V, 2017-04-30T23:28:15Z
383KOA6LFRbmJSu8FBZZs7, 2017-04-30T23:28:16Z
3GrLhTnxkqvG7sWszeCJy1, 2017-04-30T23:28:17Z
3Vr406z58yyyO2Ofh1fbqA, 2017-04-30T23:43:14Z
3hUm2BrDaSXnnUUByahrM9, 2017-04-30T23:43:15Z
1Uc61euk1DPulcbSdZiFf1, 2017-04-30T23:43:15Z
0VfIUibE9JV65AjpLNvKBo, 2017-04-30T23:43:16Z
43YeRGBeVHrTssEOCLPg6H, 2017-04-30T23:43:17Z
6Dd8m9XfB0bGKNyTCRKmW7, 2017-04-30T23:43:18Z
4I1aokAzRqVdUNq8MV7B3V, 2017-04-30T23:53:12Z
4655sgfPWznUKvgn1tatz6, 2017-04-30T23:53:13Z
13srGyfrZtvc6N4OfzRKYA, 2017-04-30T23:53:13Z
5FFowl1Ve4S5OehL6OywSg, 2017-04-30T23:53:14Z
5WEOx4ZXcfX3wvbfxsAoDO, 2017-04-30T23:53:14Z
796n5wBhXcoDx9NVX76rq0, 2017-04-30T23:53:15Z
5EPalJjcHK9hcihfCf8dgI, 2017-04-30T23:53:16Z
5dJS5oBmC6wvJ2nNzl5hNo, 2017-04-30T23:53:17Z
5HbqD3lRrKeiOrFBc2XtOn, 2017-04-30T23:53:17Z
6vq3fkJ74aiRcIqr383H7A, 2017-05-01T00:28:08Z
3P4LnCR3uRPZUsqfbFkIs3, 2017-05-01T00:43:17Z
7s5f5J732iyXSqtyaF96mK, 2017-05-01T00:43:18Z
7ycU5Bxfn2fIZjXJypfdRM, 2017-05-01T00:48:03Z
4LZxCSEA0ntfrP4ULZsmlB, 2017-05-01T00:48:04Z
0QT7prPZzXJKBYMVdWlE1Z, 2017-05-07T23:00:01Z
3m5OLIOK9mfqdfFqZ54zC0, 2017-05-07T23:00:02Z
4dBI72rgkmG0gTzswyBTzz, 2017-05-07T23:00:02Z
273VxALm722DRN4PNujOF8, 2017-05-07T23:00:03Z
3qtpVUsQzvHdMzrmqkdOzP, 2017-05-07T23:00:05Z
1MD4tX2g5hx0D2WQ6JsC2m, 2017-05-07T23:00:06Z
1Xx7wl3Na741ZuuF0pndp7, 2017-05-07T23:00:07Z
2ZdhT6LQBfzCgM2XXQrfUh, 2017-05-07T23:00:07Z
1jXGbpouHnrSzVzRIYrdhy, 2017-05-07T23:00:08Z
1zTZJKhLlyugUw1IZwlk5d, 2017-05-07T23:00:09Z
5rNs3XEf5NiMDrFd6wdL6A, 2017-05-07T23:00:09Z
79xbbTy8c5Ryy3XoQBWiXn, 2017-05-07T23:14:03Z
2dKukvaS7Czo16DjG2n0fH, 2017-05-07T23:14:04Z
7d43jBR2mo0kcKcrO2Hg4S, 2017-05-07T23:14:04Z
1vshpuxdLygbY8Gpbrlr7D, 2017-05-07T23:14:05Z
414J8tKHbtF16XOiHGBEso, 2017-05-07T23:14:06Z
3iZi10jqvxoRnAFb72VDsC, 2017-05-07T23:29:13Z
4Hw2PMgu7y4FHUReIz1Hld, 2017-05-07T23:29:14Z
5AkI3vPlYqAk0RJ07rhxq5, 2017-05-07T23:29:15Z
4e0GkgtMPZFt41Ua8PlHQL, 2017-05-07T23:29:15Z
50Dfp4PZQqvXLlniASKpTY, 2017-05-07T23:29:16Z
2u3HmBPHrk3ooSdVikignW, 2017-05-07T23:29:16Z
5gSwQihHUXvC5H4SBCo03D, 2017-05-07T23:39:06Z
5yLFSi07eIOPw1A7Dyv1SS, 2017-05-07T23:49:05Z
6OojY4NdPiEGWHV2EUSwHz, 2017-05-07T23:49:06Z
6aHgzHMJX5XZGYMSGkSGxh, 2017-05-07T23:49:07Z
5lUj83Rg3JN0kfX18TfhbW, 2017-05-07T23:49:07Z
6w3bIc0BxTPGNHqyH4KNiY, 2017-05-08T00:09:12Z
1JP7bsvI1wpw4YVFT5JYuL, 2017-05-08T00:09:13Z
1xp8DspW3BTygI06QdcrjY, 2017-05-14T23:14:55Z
0DtWgJmK3sHIBK2o8gIHtb, 2017-05-14T23:14:56Z
5sdSz4uynjg5KuVahpyNKM, 2017-05-14T23:14:56Z
0MpsyFvt1KaxNYBYw2aanq, 2017-05-14T23:14:57Z
6SNcPnS775oYyHkd80F2qG, 2017-05-14T23:14:57Z
13UaD2u2oOLAXCijoEMnYe, 2017-05-14T23:14:58Z
154qGmayKVoKeeqv8Yy0QC, 2017-05-14T23:14:58Z
1krBKWusytTAT2jNWJGA7m, 2017-05-14T23:14:59Z
2QuhQtkWjIgUnD0osMVxmQ, 2017-05-14T23:15:00Z
2VHALpy5ewC9SAZS6n1hqm, 2017-05-14T23:15:00Z
2XFqddsS1Hd7u3gUM0qd3c, 2017-05-14T23:15:01Z
3hHewrSheHpIU6RTbLhvgT, 2017-05-14T23:15:01Z
7tPKQs0DPh7IEHiRajTk6M, 2017-05-14T23:15:02Z
4R7kumtHnf5SsKyPYrVO5r, 2017-05-14T23:15:03Z
4Z8jptUDjJDuxBf0pSOvSi, 2017-05-14T23:15:04Z
4aDEWuYjdEsU9A5bVD3JV7, 2017-05-14T23:15:04Z
4nNSgSfqhtAQ9upuIp1QgM, 2017-05-14T23:15:05Z
50MSzc5s06pvW70xkg2Lto, 2017-05-14T23:28:13Z
5LDRwkxMyCTsQpyhmTbiAR, 2017-05-14T23:28:14Z
3mPqfTgAO37N5F9WVvfV9Z, 2017-05-14T23:28:15Z
5fdjxHzBILxMXRrbbOVupJ, 2017-05-14T23:28:15Z
1wQ82M8NEbEzUsg4hAPets, 2017-05-14T23:28:16Z
58l6rUrdGNOtLRsX93w40N, 2017-05-14T23:28:17Z
4BEsv28juKjHtpUpqeredI, 2017-05-29T01:16:17Z
0aGvcIUEdMq9PelZIGJOBU, 2017-05-29T01:16:19Z
5I9gXWTR37SMqJsea5jhSM, 2017-05-29T01:16:20Z
13UqaNF8STsJSGKxd12rmy, 2017-05-29T01:16:21Z
1bAZV1EBTRi9t1cVg75i8t, 2017-05-29T01:16:23Z
1sQoKlaVMfJq3D1QPmuL83, 2017-05-29T01:16:24Z
1travOJLSQJmpjIH11MlV1, 2017-05-29T07:16:18Z
1y8DdIXQJEwsyPm6PXtlEp, 2017-05-29T15:16:16Z
2CsnpBAB8VQMTyPuws57ao, 2017-05-29T15:16:20Z
7GszKL5g6nBtv2vC2mqWVN, 2017-05-29T15:16:21Z
2QZnRYgn0musGxxPXK7DD8, 2017-05-29T15:16:23Z
2YxoC2dYOotjqt08dEifsc, 2017-05-29T15:16:24Z
2pw9RZWZibttZzoFhwjuy6, 2017-05-29T15:16:26Z
3X4rKQSuBr72wl90yOdx3J, 2017-05-29T15:16:28Z
3ZOMvRHVefZsYZpoAdjDu3, 2017-05-29T19:16:27Z
3hplBjBmQqR49L8THyjTdb, 2017-05-29T19:16:28Z
4H9f3Oye4Qv3tw40FufclN, 2017-05-29T19:16:29Z
4ZShsMZrAhAvemrjx1wxuv, 2017-05-29T19:16:30Z
6mIpIXTm00zxpxrOAVAfds, 2017-05-29T19:16:31Z
4yYKWN3FtoRxdlJBqIn8Rh, 2017-05-29T19:16:32Z
5bus7g61tYlgVG8spLRwqp, 2017-05-29T19:16:33Z
5sAtexHA58DaMWNNq3Hznv, 2017-05-29T19:16:34Z
69254zte0W5cfu9HsagFSN, 2017-05-29T19:16:35Z
6Oie2iA5yhe0JU7LbnFIY5, 2017-05-29T19:16:36Z
601KiLiZtBJRTXBrTjeieP, 2017-05-29T19:16:36Z
7JogZrlqVUkJVyR86azQdG, 2017-05-29T19:16:37Z
5EjMYsQL7jkdgbRoGheDVg, 2017-05-29T19:16:38Z
0FQcRQEGbJjNny5G0A2hle, 2017-06-04T23:32:15Z
5uZW62ei9vCVMum2TRaFDz, 2017-06-04T23:32:16Z
6WDAtzaXY7d31CkuoxYFcb, 2017-06-04T23:32:16Z
0wQd2c3D64Woz5JXed4JVX, 2017-06-04T23:32:17Z
1HDLnDrZSxZ2Rb1yq9nZKK, 2017-06-04T23:32:18Z
0OnCJaXesiG1B8McnBRboW, 2017-06-11T23:17:15Z
0QRsTcQydMi6HeR2IcXXsy, 2017-06-11T23:17:16Z
0jHtHzXJtAbLOMeftlsYTb, 2017-06-11T23:17:16Z
0xOGev87hRaq01IoPxjdy1, 2017-06-11T23:17:17Z
1VGacQwwIrLmqmvSbmQhpW, 2017-06-11T23:17:18Z
1Y6Dv0tWYUP3Za2Es9FUL2, 2017-06-11T23:57:52Z
1bfU3Fh8lv34MiimDUhrWh, 2017-06-11T23:57:53Z
6JaFwJmodfgYLKknIRAB0i, 2017-06-11T23:57:53Z
06QnfZpGGXmatcAJznZCMl, 2017-06-11T23:57:54Z
2d7R8lUFB3kOl5cJVdIEka, 2017-06-11T23:57:54Z
3CHJFleuQ0dwzc2tzKmTYj, 2017-06-11T23:57:55Z
3EAXOoLBCkH3S1CP6FSWGF, 2017-06-11T23:57:55Z
3oHuM7uqKyEmveHNnQzNPl, 2017-06-11T23:57:56Z
4HmvTh60qWyWPWm7UalFXy, 2017-06-11T23:57:56Z
45D9SDw2wQ9qg66PoWDD1p, 2017-06-11T23:57:57Z
4Z5jJyjTdiuwmCcPxN6Fvr, 2017-06-11T23:57:57Z
4fkAWGCbxNizyNwsHlrajH, 2017-06-11T23:57:58Z
55M8VNkgmLHPiBrzEiniKp, 2017-06-11T23:57:59Z
5gAJNgsQomkampOwnuEQ44, 2017-06-11T23:57:59Z
5x5QQJ491MxL4cEnwq8U9r, 2017-06-11T23:57:59Z
1auijkn6YzA5WxcNl7k3dk, 2017-06-11T23:58:00Z
6QQ8diRSTraMgZIE4O0LNy, 2017-06-11T23:58:00Z
6aVLqYFupVcWLJ7PyJqSUs, 2017-06-11T23:58:01Z
6f2r0BF9ygsB4N2rqQ9ddg, 2017-06-11T23:58:01Z
6oI7lWaQ1jfjDduxYblGOo, 2017-06-11T23:58:02Z
6yz7M1DItRFo8ATGeLoM9y, 2017-06-11T23:58:03Z
2l5zEyoLk8j4AHPl21lDX9, 2017-06-11T23:58:03Z
7IQAuxUG4VczKl85gVcPaX, 2017-06-11T23:58:04Z
1GUgqF77sGkWcfNanOr2rE, 2017-06-11T23:58:05Z
7sggBSMpdtpqtISmXvr8yN, 2017-06-11T23:58:06Z
4cavzVoMnmnICmOwabpuDV, 2017-06-18T23:35:18Z
0CxWbbbU0PB7ccm6CgHnrf, 2017-06-19T00:25:13Z
0UV5zxRMz6AO4ZwUOZNIKI, 2017-06-19T00:25:14Z
0k216sn0JJL7XE1OjYBuVD, 2017-06-19T00:25:15Z
0WNGPpmWqzPnk0psUhJ3SX, 2017-06-19T00:25:15Z
0tSvCVLCSBuC03M7qfCXr8, 2017-06-19T00:25:16Z
0xjp9SMMVbxtJ2VPbaZWwt, 2017-06-19T00:25:17Z
18k49mXvNPtKlcT6Ky39pe, 2017-06-19T00:25:18Z
55ZL7fjGAWfClmpnsK6Xon, 2017-06-19T00:40:19Z
7p3QmjpGLh8pPEvtXR609S, 2017-06-19T01:15:20Z
3GsyiUxexVJyKz42CD8Dzl, 2017-06-19T01:15:21Z
5ER3IPoclhvw1zREafHOPh, 2017-06-19T01:15:21Z
3Yls1vC1UyLMRmxti9kO7w, 2017-06-19T01:15:22Z
3n2hMKglimXsMNQ2hFPLAs, 2017-06-19T01:15:22Z
3y7wAKCg8LWlIKXbjzpEyN, 2017-06-19T01:15:23Z
2CcTLd7kw4Y9lFFtAOG2sn, 2017-06-19T01:15:24Z
4GWnO7nW2rKghM8qtR8kVJ, 2017-06-19T01:15:24Z
5UHNN2ftt5AQFQ0I7xPGta, 2017-06-19T01:15:25Z
2pm72A1aBHKwqr05xaDW8h, 2017-06-19T01:15:26Z
6XYVhCTWIzL32Rb5NhT0Da, 2017-06-19T03:50:15Z
6WJAZ2TUnaKUv9aKkOGokD, 2017-06-19T03:50:16Z
6skaNc4Ch9z6MSlkk7BSGD, 2017-06-19T03:50:16Z
6ul8Krzy7gmzTtC0I6s0T5, 2017-06-19T03:50:17Z
0P6SReGYBtbX9VThg1ERP8, 2017-06-19T03:50:18Z
75M1vS0AvZtLXbKLBllbvn, 2017-06-19T03:50:19Z
7FhKuFopFs9DZqocoHOvVs, 2017-06-19T03:50:20Z
55EpEpSXsDJLjgQfJVylcb, 2017-06-19T03:50:21Z
7sGDZTIceiHFWSUh6smsHs, 2017-06-19T03:50:21Z
0Rl9OvifAtbbhXZWsp4eZ7, 2017-07-03T01:54:16Z
1Mtwi6CmEHxkZvsNWR9qVE, 2017-07-03T01:54:16Z
1h2Zt4fkA3cOudjqUbylPT, 2017-07-03T01:54:17Z
1rk9eGO7AkPX1oafUuOnGs, 2017-07-03T01:54:18Z
2x0aniEiqWtrDfeyb2vbTW, 2017-07-03T01:54:18Z
6DNgKv1sWH2505Z5SAqAXr, 2017-07-03T01:54:19Z
6zw3umfMcnu0z6O4qGmHMM, 2017-07-03T01:54:20Z
3U9TvI2oOAMoT1lpcF8emy, 2017-07-03T01:54:21Z
2MFORnxJtvb5T71LDA7GzD, 2017-07-03T01:54:21Z
2RjO8PXYSTtsn5qpwVZjNr, 2017-07-03T05:54:17Z
2MHgszVICRgotiPCidc0zb, 2017-07-03T05:54:17Z
4mJhYa9Xrodzd2iqng29Av, 2017-07-03T06:37:06Z
5ktXk30OyjyLkn0302fbqY, 2017-07-03T06:37:07Z
32Rf95ZT8gxisQMK6xAhba, 2017-07-03T06:37:08Z
38dYh2pToiZPEKGVErVISk, 2017-07-03T06:37:08Z
3Xy16SYnhBiSBL5yUXaHG1, 2017-07-03T06:37:09Z
5OI6WSmcih616fK3njeXUJ, 2017-07-03T08:37:16Z
7aCQnn4qYj2dFwtFWXilZ9, 2017-07-03T08:37:16Z
2tM5AwrKDhvW8LDJ8F5lk4, 2017-07-03T08:37:17Z
4JGLksL4ZfeT2XMQoe9nzh, 2017-07-03T08:37:18Z
5oJy5l04JScnOvpIgFL1WZ, 2017-07-03T08:37:19Z
62wdQ5CInFr7cjISqrr46f, 2017-07-03T08:37:19Z
639Gf4AIzHnC5wkr2oq4G3, 2017-07-03T10:37:10Z
64BaolZ7GYctwlqYQcFezI, 2017-07-03T10:37:11Z
6K9AQkbcE4hQmQTprMNwZN, 2017-07-03T10:37:12Z
6jvqaaUtBmcnxQnf5XKzFo, 2017-07-03T10:37:13Z
6phBZrGz8O3i5rzol5TYmz, 2017-07-03T10:37:13Z
77KMgpRSXE5FJbkYuBieW0, 2017-07-03T10:37:14Z
77mmpy5QUbgWfByfpMjytu, 2017-07-03T10:37:15Z
7KRSiaEjfr2wHxTfBy389V, 2017-07-03T10:37:15Z
04jqhpf3oV06HtlmthfcZZ, 2017-07-17T00:22:04Z
7vOJUAAZEmZbUKN8LKwrcR, 2017-07-17T00:22:05Z
0LoMT7TGL2p2n1TFx1cNRT, 2017-07-17T02:22:22Z
0yZWqfxbZ6pzRPKfqmdwn9, 2017-07-17T04:22:16Z
1JUiLgTzZBJj5JXXvgnYn1, 2017-07-17T04:22:17Z
2oyIOi3urcfyXcrj54rpIv, 2017-07-17T08:22:03Z
1VUZYA1krvrh7QO2Rpc1JV, 2017-07-17T08:22:03Z
0m93FHy7HpicthChd6j2yn, 2017-07-17T08:22:04Z
1xkOg49ZxldiM1ioIudwUS, 2017-07-17T08:22:05Z
2VdHRWJeGpIY0WJcQD2mYd, 2017-07-17T08:22:06Z
3IBSi0czFfkJa93DkVumEt, 2017-07-17T08:22:07Z
3n1wTBzxeQmpLOC4Dp77b9, 2017-07-17T08:22:08Z
0ZpF31ktlKmkodwCTGXr8f, 2017-07-17T08:22:08Z
4FZifwCZGSIzHOPGdIREee, 2017-07-17T12:22:51Z
4fiC7RTotySw4ZeYaCSsXP, 2017-07-17T12:22:53Z
5FsHJRsUD386XoWop1RbQG, 2017-07-17T12:22:55Z
5RN42ghX3LURrittZmBjVD, 2017-07-17T12:22:56Z
5ZoI4tXPZzcN7PIVmxO7kF, 2017-07-17T12:22:57Z
631Lp7kv8Ku7rQJ8tfvvuz, 2017-07-17T12:22:58Z
66tyi2ix4ErbUBKFAVw98r, 2017-07-17T12:23:00Z
6EZXO2zjC6KlLbNwc2HDMc, 2017-07-17T12:23:01Z
6IIcvtmuGpWIasqOpyGlyY, 2017-07-17T12:23:02Z
5BEkLXWlO2bSQoAsaTXOuN, 2017-07-17T12:23:04Z
6ZIkH0yQk0E5hfOVL7CyoQ, 2017-07-17T12:23:06Z
6vVxHR30oPriN5PfIH1hNs, 2017-07-17T12:23:08Z
7JCA5bnyl63Jd6YfiRoSHl, 2017-07-17T12:23:09Z
7H4QKfyAjnHwKnf48QxMRk, 2017-07-17T12:23:11Z
7d63BvLR1ChiVdfyj4RSWG, 2017-07-17T12:23:13Z
4deE3qgYNRRsffGrgK50Ih, 2017-07-17T12:23:16Z
7xpw5FSNYXKfdQSBuO0THv, 2017-07-17T12:23:17Z
0TMhoEzRsN5I80UXD2i5h1, 2017-07-31T11:07:19Z
0VR6D8voTii804KGuO3nQR, 2017-07-31T11:07:21Z
7f3LjIFXa79ZjldGSyDxM4, 2017-07-31T13:07:14Z
1LWubzGGy33syt6cPpEQSA, 2017-07-31T13:07:15Z
13LqCh4tcyxDJbALYVCN8b, 2017-07-31T13:07:16Z
1BP0dgODUDaf3RDtZbcXOd, 2017-07-31T13:07:16Z
4lyupu0V7V9CoKhH52sfS8, 2017-07-31T13:07:17Z
6mvyfn27ij4MYSCJXSgXAW, 2017-07-31T13:07:18Z
2FyiqQgoxZYbpgAmQvooGv, 2017-07-31T13:07:19Z
1QxHv0yRCu1zWiB7aVwGIz, 2017-07-31T13:07:19Z
5lGAa7HUT1JmNXC1uXcv6x, 2017-07-31T13:07:20Z
4FadzfRRmXQkafrs0yb6Lv, 2017-07-31T13:07:21Z
1EYvOF4ieIOk9J8SJQDjBj, 2017-07-31T13:07:22Z
4QF8w44G6fU4VNxQJK1OJn, 2017-07-31T13:07:23Z
4iM9TTUch45fjo41PddjS8, 2017-07-31T13:07:24Z
4mrvI4b7P0wsQ2DMJRb1Ub, 2017-07-31T17:07:24Z
7tURzBytCYJ3jmbgEgXepP, 2017-07-31T17:07:25Z
5XjwPZtK5rn5uP7YgRd08U, 2017-07-31T17:07:26Z
2t0XPiQhdqLSoEHlZ2tMqG, 2017-07-31T17:07:27Z
1CDBaGlisZlOJzvx88lL8A, 2017-07-31T17:07:28Z
5n1AWdIsKJSk3xPnDUj8wy, 2017-07-31T17:07:29Z
5pgbnjKcz6qSWcyMYyHIxB, 2017-07-31T17:07:30Z
61l0tJwZex2PnvE8HAGYWm, 2017-07-31T17:07:31Z
4nFfiZcd2KqIcv3bCLwXTH, 2017-07-31T17:07:32Z
6quMGNh47CpSR5kmZSYSTK, 2017-07-31T19:07:24Z
700DALh9YDHQy6NEQRZKNl, 2017-07-31T19:07:25Z
7p9Dw7RS1uTJubzRGRGHLV, 2017-07-31T19:07:25Z
7rWqIzIBoGOqRuDM2KsYCT, 2017-07-31T19:07:26Z
7tGTgE4SI3nOgbzrXc8Sdb, 2017-07-31T19:07:27Z
0U0gZhiusaKvvqHe8w7B1X, 2017-08-06T23:30:12Z
0ZUjxCkivUfdToUIAlWr0M, 2017-08-06T23:30:13Z
1GfXM9RubhyGFYJFZ54COv, 2017-08-06T23:30:14Z
5ssGiRNkEjNxri7Om50Kyz, 2017-08-06T23:30:15Z
78HA2LxMSQTKYcoX6MpmmW, 2017-08-06T23:30:16Z
26w1A69Yd7Ey3is2HZZ1nb, 2017-08-06T23:30:17Z
6ZFZdQchNc7TxAs2wfETUU, 2017-08-06T23:30:18Z
2wlXzNdamSpzRS93ynfkrc, 2017-08-06T23:30:19Z
3AMWa4FmuxzocXulPnoXiH, 2017-08-06T23:30:20Z
30X9TJeJ6FIgU6g7OWIRPe, 2017-08-06T23:30:21Z
3QbxssGJGFOvHEk6t6l3x7, 2017-08-06T23:30:22Z
3Qucz2EpOkNo1rx6tKUQlC, 2017-08-07T01:30:22Z
3bD47pV0cz5ZOrTNHGe5No, 2017-08-07T01:30:23Z
6amBPuHwrFIBCr4z5VZBhF, 2017-08-07T01:30:24Z
3iDGKn7VAFqTBb6LT7oL4s, 2017-08-07T01:30:25Z
7c4RADJcpx7pqnuuCOVEHb, 2017-08-07T01:30:27Z
421Gp1eSmOIcD6alTWowFR, 2017-08-07T01:30:28Z
47oMSA2CAexjpOwNkMqvps, 2017-08-07T01:30:29Z
4YgqiIFXSqnGXaxjX3zqU9, 2017-08-07T01:30:29Z
4gRySBzWoWD2JqEFZnfPuX, 2017-08-07T01:30:30Z
4k2CdsRopiwCKqO6rOSiVY, 2017-08-07T01:30:31Z
4o4lNCu3RYVl7B9BB3YEzF, 2017-08-07T04:30:46Z
5msorqVYNksLrA1CPQsipk, 2017-08-07T04:30:47Z
5otTNT4RocRI1BPhIEngkb, 2017-08-07T04:30:48Z
5yT5gTAWIoF97BiI5Ed2h3, 2017-08-07T04:30:48Z
4lcUYHZ45DmSFoyvZFb0zO, 2017-08-07T04:30:49Z
6KciNxn8hG35t3j40ecibB, 2017-08-07T04:30:50Z
6RrJMgSWCe4hZ0b0ZIU9rA, 2017-08-07T05:40:13Z
6VU6nJ40P2Y2nuceLxTOto, 2017-08-07T05:40:14Z
6W03BOggURVJECgPfpz7Gh, 2017-08-07T05:40:15Z
08zM9Tx6Ya7346nDoW2Dbh, 2017-08-13T23:13:15Z
0FGUxjQ7vd3QeWz6vK0EPY, 2017-08-13T23:13:16Z
0RleEAKmcUbJ3R7AK0dSfV, 2017-08-13T23:13:17Z
0n7WH5Gb28kHNSc5bBR3oR, 2017-08-13T23:28:05Z
0pab5P1Vod5G3Oex6Dh1El, 2017-08-13T23:38:13Z
3hvjNXgl7XYGk6ipCuN92P, 2017-08-13T23:38:14Z
133Ua3dR8fOR8uP7adVcL4, 2017-08-13T23:38:15Z
1LQmyPcWxfN7yih7FYUNXe, 2017-08-13T23:38:16Z
1QoscuA1IQbIKSAxCVVMl4, 2017-08-13T23:38:16Z
27f7bYPpBqnUqBf1batWNT, 2017-08-13T23:38:17Z
2PFYK7BI5JRoKOfA1FtfTV, 2017-08-13T23:38:17Z
2csUN49CrnF4c9cQvfKCj1, 2017-08-13T23:53:17Z
30Md5Xnw2DHWZF6IQs3bOV, 2017-08-13T23:53:18Z
3BJqEsMJ6gxMRNBr6DJAq8, 2017-08-13T23:53:18Z
3QEBGTHfsIw3OC81dYikCH, 2017-08-14T00:28:16Z
404gMKWRXpT3B2A6U8MXIL, 2017-08-14T00:28:16Z
14knd7ZIqcs7TdfrUXHsnH, 2017-08-14T00:28:17Z
4a7iNsBx9sIDcqv0AdmFKn, 2017-08-14T00:28:18Z
4hIwQWVYQ3SMSjkVXrMJKv, 2017-08-14T00:28:18Z
4ivYk74zU0VGCG2PSwTv7N, 2017-08-14T00:28:19Z
5mpjIvDq4cgQFyZviKwSRP, 2017-08-14T00:33:18Z
6EidGY4S6hkU6fwNdSSabg, 2017-08-14T00:33:19Z
4UCuzk2aIxirZGk6VwTNax, 2017-08-14T00:33:20Z
6lNq0WRb62TeLvuCoSszsj, 2017-08-14T00:38:14Z
2RpQKR3D9NtUH18FrA0yjJ, 2017-08-14T00:38:15Z
7Me0vOSlJfaPY7Pc4GeItd, 2017-08-14T00:38:15Z
7mOMUXj6r9C2JXD7YTNYPj, 2017-08-14T00:38:16Z
06pCe1Y6j7kTi6tt2qeMP1, 2017-08-20T23:13:16Z
0933p1w7AKHfOtRpHydQiP, 2017-08-20T23:13:17Z
0WWmHtyxAuxnuACtwAJMxA, 2017-08-20T23:13:18Z
0m560umx98aGNhKQvrFZMT, 2017-08-20T23:23:15Z
42rFOQqHmXf9IkdwVqkooK, 2017-08-20T23:23:16Z
17pDYuwdakHhG64f3CJSHX, 2017-08-20T23:23:16Z
2f1dCXUfGihoXwMl1XqUx9, 2017-08-20T23:23:17Z
2sEmZge5ZfzrFrDGFJbkyP, 2017-08-20T23:23:18Z
3CJT3NY7LLs3dSwm2C59vC, 2017-08-20T23:38:15Z
3Cioq9gEBcdBZi6SAIfR8l, 2017-08-20T23:38:16Z
1683Q5FUEQ4fIG2f87MAW4, 2017-08-20T23:38:17Z
4KjXdsHEU5HHR7D5EcyTyK, 2017-08-20T23:38:18Z
4PpGHhetsHErdqdlwuHzVL, 2017-08-20T23:43:16Z
0rN7PvLE7SGY3qvBbqmz9d, 2017-08-20T23:43:17Z
4fi5KJ7cA8A4ivm9PdTvCX, 2017-08-20T23:43:18Z
6YPwVMy9U1zFC1KjkyP61j, 2017-08-20T23:58:43Z
4i1hSCRu6bdSLANjWMIpRG, 2017-08-20T23:58:44Z
0eNYlz32HdnHWung0MKnTj, 2017-08-20T23:58:45Z
5VkHTogGhpdkLv0bOtlVjt, 2017-08-20T23:58:46Z
5pKuBVhP1BmHMeddgGiKz8, 2017-08-20T23:58:46Z
4v9rHzCDgQXbDdB7t4Nwcz, 2017-08-20T23:58:47Z
57W9BpsZ13U8QpvhjmFtEj, 2017-08-20T23:58:47Z
6OjH8OwtF0HrNmU461RZ7f, 2017-08-20T23:58:48Z
7ccfqrzWiopQQ2uK6ZW6G1, 2017-08-20T23:58:49Z
3EOjahP0fSdP7Xr1fgYV7b, 2017-08-20T23:58:49Z
6XDIdtt7sugfe7UHYIDWXW, 2017-08-20T23:58:50Z
6ydWUkitVqMOvXWuZl9CDm, 2017-08-20T23:58:50Z
7KTzOE30EJ54bHFrgRsfMg, 2017-08-20T23:58:51Z
7gC6Rbllqf1yXNC02e5jz2, 2017-08-20T23:58:51Z
7nO8JYXutQHAigzMNawBd1, 2017-08-20T23:58:52Z
1HZ6NfuvShuXznGsCtikcv, 2017-09-04T00:51:14Z
0cDQyfkR7kYIBITKccaDmN, 2017-09-04T00:51:16Z
0tUb9gLtHyTzzycyNzr9Uh, 2017-09-04T00:51:17Z
1CBnHyiS4Vz3SxJIVDcBg2, 2017-09-04T00:51:20Z
25RPGkDBvks5Nr5e4sOM21, 2017-09-04T04:51:16Z
7MX4lSYzoCfUVwikaPCdJE, 2017-09-04T04:51:17Z
2OAOS8qkuKu5Kd8TvA5BAA, 2017-09-04T04:51:17Z
2PtoK5er7s0aJuubT0ZjQy, 2017-09-04T04:51:18Z
2bh5ZcwRlY8SvMQiOFgpgq, 2017-09-04T10:06:05Z
2l36QGHlSs867KJhes8l1R, 2017-09-04T10:06:07Z
37y7iDayfwm3WXn5BiAoRk, 2017-09-04T10:06:08Z
3FgImedDb9lW00Uw9C1xd3, 2017-09-04T12:06:17Z
3LsT91KRYwtMNnlmnTxMJU, 2017-09-04T12:06:18Z
3stXhizkwlPLDXra8cD67d, 2017-09-04T12:06:21Z
3tya2wEV4nIjK6wJV3i8Du, 2017-09-04T12:06:22Z
3Y435jUWlHKR8khcBijsTg, 2017-09-04T12:06:23Z
3NsbS5kiplPdt85RBf8STj, 2017-09-04T12:06:24Z
5xy3350chgFfFcdTET4xz3, 2017-09-04T12:06:25Z
6RFJ3avV1etx1XcbypsOfa, 2017-09-04T12:06:26Z
26qJlNcjjYG1jE4sFnmUHQ, 2017-09-04T12:06:27Z
6Jz386ejfeRcGntcHZp4dF, 2017-09-04T12:06:28Z
6QDEfAL7X4AGTo7ag5UIj4, 2017-09-04T12:06:29Z
6R1qYGx8abmNGz0yPNQQpL, 2017-09-04T14:07:01Z
4CSVInwVQKFrh6fO7yhTum, 2017-09-04T14:07:03Z
6vheXD5oByaEuoxfNTXGP6, 2017-09-04T14:07:05Z
0CqYxdk6qNeO3TcEJk9GZU, 2017-09-04T14:07:07Z
7ofTQzu9vlvqQ8XhDCG2r3, 2017-09-04T14:07:08Z
0MF6X7tl1YsthNFSRtOUmM, 2017-09-10T23:39:15Z
0VF21fEzB6OszZcJlKzyg5, 2017-09-10T23:39:15Z
0lJ3iwfMWh8xDXWuGhbMv7, 2017-09-10T23:39:16Z
1VsQhQbF4SwVvbbFeQ5EOa, 2017-09-10T23:39:17Z
1ZPundWkrVRIUQtbO0oOal, 2017-09-10T23:59:45Z
1iPbcdvxT4WVG0Irt98uL3, 2017-09-10T23:59:46Z
1vE3ciwUpbFnjwMJLp4zjg, 2017-09-10T23:59:47Z
3KB6xkelIzPX759OKkVAHx, 2017-09-10T23:59:48Z
2RVLIVL5rcgTfReW8Wckvw, 2017-09-10T23:59:49Z
2e7cqTtXsEmSwrFRHUXA8F, 2017-09-10T23:59:50Z
2lp3ycHVNMK2xZ5GFMwEtX, 2017-09-10T23:59:51Z
2qnZircWdga3fNTbBYWedo, 2017-09-10T23:59:52Z
2zEWjJxi0zQv4yKhB8fxZn, 2017-09-10T23:59:52Z
4OmwgrgrR8beLcmFu6kbdT, 2017-09-10T23:59:53Z
3WjSknueyPj2el9g8CAhGr, 2017-09-10T23:59:54Z
0N58bD4m0olHoZyyLP1EUp, 2017-09-10T23:59:55Z
4SDJ1j1yDow7XtZkd3KG1f, 2017-09-10T23:59:55Z
4cCVL4NWPmQAogxU64ieoD, 2017-09-10T23:59:56Z
5sazlOUrBk4dqkuaHSdGwJ, 2017-09-10T23:59:56Z
69hnVtvLM7xIU5IGGmUMX7, 2017-09-10T23:59:57Z
5jby7celTQUoYjAht8peNh, 2017-09-10T23:59:58Z
6MDNqJbi5J59cmqF4OPX0J, 2017-09-10T23:59:58Z
2IWtCcMMXIT0eex5mER5S9, 2017-09-10T23:59:59Z
2ZnrgQ5NAcOoVxAaPwgUz4, 2017-09-10T23:59:59Z
6dWP2XRNcMgOSQCCh1Rx7a, 2017-09-11T00:00:00Z
6mekMmWBKX1KPErqJQX6Lj, 2017-09-11T00:00:01Z
7ADcBtMDWTDWAUyR3IFquc, 2017-09-11T00:00:01Z
7lUEfgYUsAyGw1dNClLU35, 2017-09-11T00:00:02Z
7mdA73Fwvd3WT70EZEjnt1, 2017-09-11T00:00:05Z
7oEDZuzXF0KnDv82oQ0g3i, 2017-09-11T00:00:08Z
00CjPU9Nv69kf6YofOIazK, 2017-09-25T00:06:22Z
7FIQsQPehVohzS00XL7JiN, 2017-09-25T00:06:23Z
0Me0AON46mzKgZrgMgdbVh, 2017-09-25T00:06:23Z
0MjAN5HhvpRiPmxGNrx5oc, 2017-09-25T02:06:21Z
6SguZO4DIPIdv5PLS4GfwB, 2017-09-25T10:32:20Z
0qPew98JNrxitp4RNaZn6c, 2017-09-25T10:32:21Z
0rib9hiYy1NWL0w8BUYgmd, 2017-09-25T14:32:12Z
1vM9DLPE4gtWbrqUqTLQYv, 2017-09-25T14:32:13Z
1vjLJ5xPptIwTAxL2K5DVw, 2017-09-25T14:32:14Z
2Fc3GG0g44NbggiPUKM7AG, 2017-09-25T14:32:15Z
2P9hfsj5YmVqtaFDL5OtvI, 2017-09-25T14:32:16Z
32TKQVwtSGCHIqmbmaNdFj, 2017-09-25T14:32:17Z
35ljOibZSLEjOEPGrbaJsH, 2017-09-25T14:32:17Z
5h2aZVg52LgaOEwAeURD02, 2017-09-25T14:32:18Z
3glpoJXWAtYXAvFtlwR61F, 2017-09-25T14:32:19Z
3fxQl6UPejmz0NctfkKNIV, 2017-09-25T14:32:20Z
3qmlK37VczSB0j5PHJHMmr, 2017-09-25T14:32:21Z
3eweWlmWLLkvJfzrwA8lkP, 2017-09-25T14:32:21Z
4mraRJO2iZA5WQ5dxlSQx9, 2017-09-25T14:32:22Z
4ncFRft2xEs4kanULQjaOz, 2017-09-25T14:32:23Z
5gmv3BgePSYiHnPJgY7oTJ, 2017-09-25T14:32:24Z
5lKQkqvgGv3Aa1CYKqD8DN, 2017-09-25T14:32:25Z
6DRVOxGhpY0sGajzDBUAoX, 2017-09-25T16:33:14Z
6HV4CxCU2wSsBvRO1xRq6u, 2017-09-25T16:33:16Z
51izKKxiGj2doNFVPBDmed, 2017-09-25T16:33:18Z
6hWFx6NWTSGbK6R9WQmCKw, 2017-09-25T16:33:19Z
7DWFaSGfqsRR1TimYcjzDH, 2017-09-25T16:33:21Z
7FXj7qI1rSovFpvVjleUrE, 2017-09-25T16:33:22Z
7GbwFf2hsAZahUNI4j5vbn, 2017-09-25T16:33:24Z
4BKJRy9GPS4Y3t61S1xEhF, 2017-09-25T16:33:25Z
09p5g2gI4mz8NZaPrY1xbH, 2017-10-09T10:07:50Z
5yinoS1hwaajiJmqichDN6, 2017-10-09T10:07:50Z
0RylUBkFOoQDiR4ov9RazD, 2017-10-09T10:07:51Z
0u3sC19VACccXxjKXJROQj, 2017-10-09T10:07:51Z
1JJ0cf02rTkQEYmqWKvdRP, 2017-10-09T10:07:52Z
1O9YLtUoxI6GecWg9imdET, 2017-10-09T10:07:53Z
1RMa7sVQua8dMiqixX2bYM, 2017-10-09T10:07:53Z
1jAYzAAQYRtxfuM8DaFfK6, 2017-10-09T10:07:54Z
2E7E0XdpbvSqzHmJryVL9P, 2017-10-09T10:07:54Z
2JfcX92jpXhUh318PfvRq6, 2017-10-09T10:07:55Z
2SU21YLdwyTnqJpS7Jc3lD, 2017-10-09T10:07:55Z
56j3GWUKFBxWDzNQMFBFT1, 2017-10-09T10:07:56Z
2ZIaH69kaz55RM4Pjx6KXl, 2017-10-09T10:07:57Z
6jzbUvXYVbH6NrUS3WRMoL, 2017-10-09T10:07:57Z
6aHeBZMrClG8bqfH9ccyhT, 2017-10-09T10:07:59Z
4axEnoOMoYkEMuGn0nNSPR, 2017-10-09T10:08:00Z
3jRS92Wpar7jD7mEJtvtoI, 2017-10-09T10:08:01Z
5Zpy2HR2vYLjlTQVd81DLH, 2017-10-09T10:08:02Z
6CqldH2x7MDccnPN55Az1Z, 2017-10-09T10:08:03Z
5shcxlhR6ChgqDf5eBtpBW, 2017-10-09T10:08:04Z
6B2H2w36bPnAmlCAiJi0ZP, 2017-10-09T10:08:05Z
6ISgf39hqL5wImQpRrLcCr, 2017-10-09T10:08:06Z
7zdYMWBoBxpEwGw6MhmpHg, 2017-10-09T10:08:07Z
7CMMyqgZoTP0yV0Zs4TzSd, 2017-10-09T10:08:08Z
5YrrQbyPj932jxqWRsDaEL, 2017-10-09T10:08:11Z
09mVJXDiFRBynercNUPy7z, 2017-10-16T00:14:06Z
0BeAL5sGX7mxLNDWUJ36Ci, 2017-10-16T00:14:07Z
0hCjDPhl5JbFpYbrlebXvB, 2017-10-16T00:14:08Z
5XwUkaGG0QoPTuc1vsiRjs, 2017-10-16T00:14:09Z
2NsoPomCXS4Rl9pPlaprJe, 2017-10-16T00:49:10Z
1SAszXJUG4TV5tPvZ814Nc, 2017-10-16T00:49:11Z
1fEOiB4ws605vsBEKW4w65, 2017-10-16T00:49:12Z
2DIqPQY9scuv8IeJA1Ouep, 2017-10-16T00:49:13Z
2HAzEkCq5NcndLVNFQ5Hsu, 2017-10-16T00:49:13Z
3VacPQVR4zoZAsK1WKo68d, 2017-10-16T00:49:14Z
3fSps53A2agi4sDU84AEmQ, 2017-10-16T00:49:15Z
45us0AvaxmIEUad3eMADPE, 2017-10-16T00:49:16Z
2fep6BkrkIltXqsnh55i7m, 2017-10-16T00:49:16Z
72hAHYwIeSeoGTfXw9Fa6J, 2017-10-16T01:04:45Z
4wSMi5urWxpBPbnWqfI1Ht, 2017-10-16T01:04:46Z
0UfvsTJQxRKYOFoTnish4W, 2017-10-16T01:04:46Z
51IRyQUsErmyq7ajncZtSq, 2017-10-16T01:04:47Z
5mwkCplTtbu6kIhlm15ZgY, 2017-10-16T01:04:48Z
67TsJxoEQS24n3IMg2DRqy, 2017-10-16T01:04:48Z
6AvtRMA6AzFNYZ3qEMYpch, 2017-10-16T01:04:49Z
6ER8plW4Mae5d5nSATWPD9, 2017-10-16T01:04:50Z
6FERZX07fqebws3FeqChTl, 2017-10-16T01:04:50Z
6YCFurBT3S6MPgRHPlOvtF, 2017-10-16T01:04:51Z
6jV4D5egMQKJzpcu9blbG6, 2017-10-16T01:04:51Z
6x4HkFI6X5vLZ79fJtZD6D, 2017-10-16T01:04:52Z
6ytH7ADkUMWEFrtGKz6uzQ, 2017-10-16T01:04:53Z
7kOSSHSBmQ0Y0668lpUNV1, 2017-10-16T01:05:53Z
7kOSSHSBmQ0Y0668lpUNV1, 2017-10-16T01:14:09Z
7mHUBqyhxQ8tj5mMPxE4Xb, 2017-10-16T01:14:09Z
7soaJ4bb5VzmPO98G4zjMN, 2017-10-16T01:14:10Z
7xWbvQCz53GlVL4xSXKqPy, 2017-10-16T01:14:10Z
00cs7mlkTcIIoWnm8G0U0l, 2017-10-22T23:12:50Z
0dvF4tXGoyPAfh5EzimNzT, 2017-10-22T23:12:51Z
6PKNzcrcoz4PH28zkkO3Gf, 2017-10-22T23:13:09Z
0kzaPm6botJiXqkYzsiZJD, 2017-10-22T23:32:54Z
157llmCqs15bAa3T4z3H1a, 2017-10-22T23:32:56Z
15XUmdLQ9i6mHrHTpNCO70, 2017-10-22T23:32:57Z
1WzURQZuikUxVd0xiHMTKN, 2017-10-22T23:33:00Z
7enNWdXc1YdtbM5J2NL6Oc, 2017-10-22T23:34:01Z
7enNWdXc1YdtbM5J2NL6Oc, 2017-10-22T23:37:13Z
2DHylyLFfzaKOBnC0HfDjU, 2017-10-22T23:37:19Z
2TMo5VM652clhr0KQ29dbj, 2017-10-22T23:52:15Z
2XLDEQ7CQp9DJUHmwOIgtv, 2017-10-22T23:52:19Z
2x3V4ILdbfWundMYxLRsAs, 2017-10-22T23:52:28Z
3wAOX1N5M0ta3QNsokmhJV, 2017-10-23T00:27:07Z
3H7nV8rGsaJVhUYTNXe12h, 2017-10-23T00:27:21Z
4CU2omKTK673RUFXOJn61e, 2017-10-23T00:27:47Z
4XvUZeMrXssHwYY3OGhNNv, 2017-10-23T00:27:59Z
4YUdgDeccpIG6vWeUca5sd, 2017-10-23T00:28:00Z
4nv9nNJAQ21V5mB6ONVa9m, 2017-10-23T00:32:16Z
6f7r5i4xVwePkHDHwwMK75, 2017-10-23T00:32:24Z
5am0dV7aB91Q6sWqIAuurA, 2017-10-23T00:32:29Z
5cUPyh1wqCDWd9ngbf13Ac, 2017-10-23T00:44:14Z
5i6CpkeePD4aKacf0cmZqg, 2017-10-23T00:44:16Z
2vAwockUBNYExCTm7tWBON, 2017-10-23T00:44:21Z
2xVtBEcsM6s2RsH8wkirhS, 2017-10-23T00:44:22Z
1SEbHxr0vGvu6UCJ4gDIS7, 2017-10-23T00:52:20Z
7CVKIihgLzHALGRu2uwH8r, 2017-10-23T00:57:26Z
7sHP57vsjXFtTq50Nmk7h0, 2017-10-23T01:03:05Z
4JWBnLH5IV38LECSXMm0W3, 2017-10-29T23:02:43Z
05M7LRp5Gx7oHxZwdceb2l, 2017-10-29T23:02:45Z
0DhNdqolbfxoJe5KtNyIUI, 2017-10-29T23:02:46Z
0FXjfjo8rsM4YmSnGGHCq1, 2017-10-29T23:02:54Z
0PldjOTKRt45S9MrLnlwVM, 2017-10-29T23:42:20Z
0gEeV3AKllRnkBO4Kx3sFE, 2017-10-30T00:17:54Z
0i19MAZbyn8uTir7FprXId, 2017-10-30T01:07:19Z
3DyQ9jwmYEcEi49ovI4GxB, 2017-10-30T01:07:27Z
2Yp5mhb4KdRITb6X3fJnf5, 2017-10-30T01:12:09Z
1MQeShIRRYCcaSs4XzWldh, 2017-10-30T01:12:11Z
1NUdV2Lc7e2sbC14T7kG4q, 2017-10-30T01:12:15Z
1xlHJbC2DE2aWDTlqFw81u, 2017-10-30T01:12:17Z
21xrImrAULwa0VT8n4BJoA, 2017-10-30T01:12:18Z
2CLG8mc1f4Ottpgf0YoCYK, 2017-10-30T01:12:37Z
62jWNqFNJjwmjDEg9y75vb, 2017-10-30T01:22:17Z
3MhAeSs2a5c0f9QoQMfbUQ, 2017-10-30T01:22:19Z
3MhMi1cegZ72DqhcTB2Ezh, 2017-10-30T01:22:20Z
3PtbClNU5TMLS2Hpf6ax5t, 2017-10-30T01:22:22Z
3SjsDmauMgwfDxGZ2YPtIZ, 2017-10-30T01:57:19Z
3X6b40Xr4zxbyLatxilx6T, 2017-10-30T01:57:21Z
3XjlQC1x4wlAp78dbnsYFs, 2017-10-30T01:57:22Z
4uHNlL6ohghYuMKkM5UOlD, 2017-10-30T01:57:25Z
2vtg1TU6wdmE2mjh4fHkJF, 2017-10-30T01:57:26Z
5HUFcB9PHfVcvXF44u98SI, 2017-10-30T01:57:29Z
6chkDKDiskOeKnctKVO5GK, 2017-10-30T02:07:42Z
6qGaEGZtNubfqBLvls2KUd, 2017-10-30T02:07:50Z
6zHjXMpgNT6xR3nAQzYRB1, 2017-10-30T02:07:51Z
7CByzrzR4LCBxVI7lM8Ggv, 2017-10-30T02:07:52Z
7fyDbS2jM5v9SxpUvDvBRN, 2017-10-30T02:07:54Z
0GsB29EsTq6HuG1W6YyLtN, 2017-11-05T23:05:24Z
0Le202Yj1zphNm3QyfN1sB, 2017-11-05T23:10:36Z
06r8zVlCTtslETJ25oz6si, 2017-11-20T00:54:07Z
0HH5a5fSVj7xN72vqINlaK, 2017-11-20T00:54:08Z
0InuWdv9A1N5ARmufr6tNL, 2017-11-20T00:54:13Z
0wYICJWXotfxVWGZEbn1Wo, 2017-11-20T00:54:14Z
1962ZwEY7WNQLcmYFn3eR9, 2017-11-20T00:54:21Z
6eYnJnb31jiNbEZHqwlIsP, 2017-11-20T02:54:23Z
1T1CdPpDwgvhHB8ogdlK4P, 2017-11-20T02:54:25Z
21SHzZ1qsXzJ5Socuuyo8w, 2017-11-20T02:54:26Z
2zuCLE3P2NDmDtchyezNRM, 2017-11-20T02:54:28Z
29rx2LiCOpZ6PYFc8l4M3z, 2017-11-20T02:54:30Z
7px6wglwGeYskbVUR1pZZ6, 2017-11-20T02:54:32Z
2OHyNLyd7gJZbJJ04ocvdO, 2017-11-20T02:54:33Z
35nikxO8qG6lw852N85V8S, 2017-11-20T02:54:35Z
39VMTN5lZ9x41aySZGTbsJ, 2017-11-20T02:54:41Z
4p9NsrEWOGReSmSzlx9X2g, 2017-11-20T02:54:43Z
4wvacAhgRYKxTZxDhwWcAL, 2017-11-20T02:54:44Z
54qG9hpUjLgkgTJQ9qvB1P, 2017-11-20T02:54:45Z
5KaCn0CGbo2Mynq5VSgSya, 2017-11-20T02:54:47Z
5voCbV34XZKPX30WaasXAH, 2017-11-20T02:54:49Z
5wkaI7C9UJ62r1l8cWOoUt, 2017-11-20T02:54:50Z
6k9yfkCBXGFIe8jd2UR7bL, 2017-11-20T02:54:52Z
6kczCEl8zdswW8ZMHAxnUi, 2017-11-20T02:54:52Z
6xe3iovLb0xJPlFCATowgp, 2017-11-20T02:54:54Z
6ziUdIRzZgeraVp3eW03rF, 2017-11-20T02:54:56Z
72mudXRDKdCxUu0He3W6H6, 2017-11-20T02:54:57Z
7Dz6chaHT4z511PPLUYSCt, 2017-11-20T02:54:58Z
0VI7VquQtSCAMB920fniBf, 2017-11-20T02:54:59Z
7HhKVY5PHmZgv2nR9miSye, 2017-11-20T02:55:00Z
05HmmtOdDcfNhBoiWxD3yi, 2017-11-26T23:35:16Z
0LEmKTCO9XusACZBhMNoe1, 2017-11-27T00:10:06Z
0QoLFuJeadUqLmIP6HDuB5, 2017-11-27T00:10:10Z
0VmN8doadc7CC4u0DM1hcD, 2017-11-27T00:10:15Z
3vF6NsyLWT9GRG30nrivk1, 2017-11-27T00:10:16Z
1k0QpzXeMnbHdcGqDoU3Tv, 2017-11-27T00:10:22Z
1Y8L4hT9CDJH6ROK2XGxgO, 2017-11-27T00:10:23Z
2AGuePi2QKOGpX5DLVJiNi, 2017-11-27T00:15:11Z
2CVWc2gNM8YCTMdFXJI8Wg, 2017-11-27T00:15:13Z
2XTfJqbQmUHihoznhxKSp0, 2017-11-27T00:15:15Z
3A0uhh9AOnTYNfe1jYoyEA, 2017-11-27T00:15:19Z
3XdnNX0cPynrR7KdRoyjwa, 2017-11-27T00:15:20Z
4u3csEseufgyG9bVx1KLxc, 2017-11-27T00:25:04Z
3vrvsVq1xw7MwT8J8rFPIq, 2017-11-27T00:25:06Z
40Mx2vpqD9g7HL56NkXTmt, 2017-11-27T00:25:07Z
4PFiLGx8jAzcAJxwPLUeZ9, 2017-11-27T00:35:15Z
1oyTbZT6kiYb0Scj2nQb4H, 2017-11-27T00:45:43Z
5CVIx9NyLR9pohhIWn5n03, 2017-11-27T00:50:14Z
6B8I1qFm81w2grBX30btLj, 2017-11-27T00:50:15Z
6CzeDNEqTiquePMaMUtsH2, 2017-11-27T00:50:16Z
6PdC87pNlAOBZFRVhk2c3Q, 2017-11-27T01:00:18Z
14JC72KZESAFM9v7Uw5xhs, 2017-11-27T01:00:19Z
6WkwB5tjvgw8zjdKSOfl0S, 2017-11-27T01:00:20Z
6gjMja0oP8HJOPAloyn78q, 2017-11-27T01:00:21Z
6nIL8r8k59ulmQWaEwwqwb, 2017-11-27T01:00:22Z
6qvtt0jcMyigC9ufk46C4t, 2017-11-27T01:00:23Z
6wMTeVootJ8RdCLNOZy5Km, 2017-11-27T01:00:25Z
2zCfBNDFs0qF4rC9WrOQkS, 2017-11-27T01:00:26Z
1MvWDv5q0w3RU8K7Z3G3Ms, 2017-11-27T01:00:28Z
6WWtMT9ooKBEKIYte6t2CY, 2017-12-03T23:05:47Z
0d4yYEHwDfaXTmfqcHaIz8, 2017-12-03T23:05:49Z
0o183rGxPJrpjpI8QEB4bg, 2017-12-03T23:05:50Z
0qMipvRrUpGHtuKEGrdo9j, 2017-12-03T23:05:51Z
11GdYiS75OT6N4t9qB8e10, 2017-12-03T23:05:53Z
12j0Hvgy2QtAzvWbqxoTbx, 2017-12-03T23:05:54Z
1BTYJkwPdYoxFMUsXpC20K, 2017-12-03T23:05:55Z
4rrBziYkQl8fcnqObO9uSH, 2017-12-03T23:05:56Z
1lDELORqnHLLTe1bYmHLq7, 2017-12-03T23:05:57Z
29DigWbnQ9tU3LzSHHGTka, 2017-12-03T23:05:58Z
2khUO1FMaVvGagUJpUJIwt, 2017-12-03T23:06:01Z
2s8ofs8CeRdQyHKk0ORnWD, 2017-12-03T23:06:02Z
3QwN6nANXiVnexlOMXQNp7, 2017-12-03T23:06:03Z
1wQL1hqKJNlOZr5vVgIytr, 2017-12-03T23:10:14Z
3jHwtcQkaQoVla5SLp8EUL, 2017-12-03T23:10:16Z
1aPYFb4MjLAW3h22J9RnHT, 2017-12-10T23:13:05Z
0Jb4ZNkcOLkl98RHt5H0pq, 2017-12-10T23:13:06Z
0ktx5as1qqqVBo9S4w6tGa, 2017-12-10T23:13:07Z
1OpekSSWGIpE4sPhOaAfEi, 2017-12-10T23:33:12Z
1stqm39F5TAarZL3NSL1TX, 2017-12-10T23:33:13Z
2DTHWr5NK1igQZxctpYTA9, 2017-12-11T00:53:44Z
6ebkgo0McCj8w6xCVFIB15, 2017-12-11T00:53:45Z
2zQl59dZMzwhrmeSBEgiXY, 2017-12-11T00:53:46Z
70zq93ASi1B9gDnVjowZbb, 2017-12-11T00:53:47Z
3cPtZw0oqMEkKlGSF0SLkc, 2017-12-11T00:53:48Z
3cmK9r1xfPh5JLvbU4gQZD, 2017-12-11T00:53:48Z
030DoZfrIHEeKuFNl2RzYV, 2017-12-11T00:53:50Z
416YhOc8f0U33ukDt0W0sM, 2017-12-11T00:53:50Z
43CUwxn4qrjvtltztaJz4P, 2017-12-11T00:53:51Z
09eH20NK3LPFPcRw3x5RBS, 2017-12-11T00:53:52Z
4L6MbLRopSlGLW2K6GGhh7, 2017-12-11T00:53:53Z
4YP81OCyHsxAb23UTAW7Vn, 2017-12-11T00:53:53Z
4hokeG0HFC4tuatP7SVaJI, 2017-12-11T00:53:54Z
4rMIxgdnLmKhvs4OoX6V6o, 2017-12-11T00:53:55Z
2XxYwbLAqcPnYNH7gUXCmw, 2017-12-11T00:53:56Z
53wzLGt39mLri3icn6YLbA, 2017-12-11T00:53:56Z
5IyrmchZpgTzL1NHDOIhdE, 2017-12-11T00:53:57Z
5qNHt6PPCmSC1vFehpDhJA, 2017-12-11T00:53:58Z
6F7U7RFFah34lwoqr0CXct, 2017-12-11T00:54:00Z
6G4Iu30Hp9SHWQ1k2Fow7i, 2017-12-11T00:54:00Z
73dk1Hmi0bDX9IMYISFuac, 2017-12-11T00:54:01Z
7EJCPxhVcTrwzGqBLuTLJG, 2017-12-11T00:54:02Z
7AsOAPbDkg1c2JGCzV53by, 2017-12-11T00:54:03Z
0AOnpRWH1YSIjOP8g5fFLw, 2017-12-25T06:27:15Z
0VMcwlsv2n8wkgXGIIT9S8, 2017-12-25T06:27:16Z
0kLDwHxBaqtQbMuf1HEERK, 2017-12-25T10:27:10Z
1GXhwMiAk62m389q3TmFPv, 2017-12-25T10:27:11Z
5yinoS1hwaajiJmqichDN6, 2017-12-25T10:27:12Z
1VJx0HJDOmjLyZJUHmawx4, 2017-12-25T10:27:14Z
6NF8MZ2trxckVBr82pyyPt, 2017-12-25T10:27:15Z
2B3gttvOAeQSHbhdyDtl3p, 2017-12-25T12:27:13Z
2CLeotsLhEUu0qkj56vbUj, 2017-12-25T12:27:14Z
2mCLc4lZjbpcpXgNBrC5lY, 2017-12-25T12:27:15Z
2mGWmvIIvs7jKEXxyh7Wfb, 2017-12-25T12:27:16Z
3Dpp4hQD1x3waGaSLZsSs8, 2017-12-25T16:27:12Z
3FQ1RJf3hRyC61cQ4VvDHD, 2017-12-25T16:27:13Z
3cun7DzGeFGrJSgJgl5yQq, 2017-12-25T16:27:14Z
3wDyYQDkBSoqofcQ3eZJ9w, 2017-12-25T18:27:05Z
4AxrlOlmlKducWdz18bLYB, 2017-12-25T18:27:07Z
52IYsIidzGz7PXO2lEyeLB, 2017-12-25T18:27:08Z
59P0rMNweSDx7hOSEhCrhb, 2017-12-25T18:27:09Z
5MIgTjcn94EPeSUUo8dx4q, 2017-12-25T18:27:10Z
5W080sGnxUROqtv6tL5m07, 2017-12-25T18:27:11Z
5ezYm2LkW25YhkkTp7bC9u, 2017-12-25T18:27:12Z
63d2bgv1B4yWFmhCs2TovX, 2017-12-25T18:27:13Z
6oiTyz93H5y9nQmdaAdpI0, 2017-12-25T18:27:14Z
6rtbCvJ3sy8tgpS6o0m5M5, 2017-12-25T18:27:15Z
75beUJVji54O01lbMrpVG6, 2017-12-25T18:27:16Z
3ZD4mt9y6bP2MTEzHMPOM8, 2017-12-25T18:27:18Z
5DCl3e29Rzfd1kBZ6bql5s, 2017-12-25T20:27:09Z
7ppPgpUdNPbHhuqYwN2SXu, 2017-12-25T20:27:10Z
0E9qk7eTgy4JIk3JQgeWWz, 2017-12-31T23:02:25Z
0PKHxeo2GJNgexlvFSeMgv, 2017-12-31T23:02:27Z
0QIl1aNSEMQL7BryNIi6dB, 2017-12-31T23:22:16Z
0UFLbtupYWaDGMS4io94Ml, 2017-12-31T23:22:17Z
1R6D7X8mDFoFJN7pQYu4Dn, 2017-12-31T23:22:18Z
0Hj5n2RMrcpa1NhamwCTuk, 2017-12-31T23:22:18Z
22fOsxYglRTjZcTOG8859P, 2017-12-31T23:52:05Z
7nJc3vqcU2em6FH0c3Geox, 2017-12-31T23:52:07Z
2fgJCZSx0LZHdB4v4orZqp, 2018-01-01T00:12:07Z
1gKsgZI92xbjFKGDyLpTJW, 2018-01-01T00:37:08Z
39CyGKIFqMzSuynOR8uilD, 2018-01-01T00:37:09Z
3EKONPY5juSe9sgE3sqFVE, 2018-01-01T00:37:10Z
3MjyHgdE0is0WcOs6hpRt3, 2018-01-01T01:37:17Z
4U4BgoiNLC7WddAtkcP81P, 2018-01-01T01:37:18Z
3lYtBbtMp9GR14COnB817E, 2018-01-01T02:02:13Z
3rZrK0m6FsVwNBS0SFpivX, 2018-01-01T02:02:14Z
1XgAvoD8fJQ1WMSYubcJXy, 2018-01-01T02:02:14Z
2pm72A1aBHKwqr05xaDW8h, 2018-01-01T02:02:15Z
4vpGXQlusfDlUpvk0tIaa3, 2018-01-01T02:22:07Z
5QDM3tpS9DvqJQSY139GPd, 2018-01-01T02:22:09Z
5y6bKUsy43OzFcvV3lrXte, 2018-01-01T02:22:10Z
6J2YaJHDghkEFAEq1hui3E, 2018-01-01T02:42:02Z
6evxJuCHNDTHGg7Z4BIbZq, 2018-01-01T02:42:03Z
6m1fMKg17Mb8utdiQHiB8k, 2018-01-01T02:42:04Z
37QmahKZCWprjJo7R6Sbsf, 2018-01-01T02:42:05Z
4eixPIyQLN4C4S7JLFBF68, 2018-01-01T02:42:06Z
7BfcMByUiNKt890X33YElJ, 2018-01-01T02:42:07Z
7tBlvnHLTox3S0yB6nIV2Q, 2018-01-01T02:42:07Z
00zyym4yTVCINvMCj0SI4c, 2018-01-07T23:19:13Z
08L6jFH2p1NfDXX4suPvp2, 2018-01-07T23:19:14Z
0FguXla7Qj6H6wPsafOdNp, 2018-01-07T23:19:14Z
0RQaz2Id0qTovRenVwM5xi, 2018-01-07T23:19:15Z
0c0Z5agmnSibjIWjdZV6R1, 2018-01-07T23:19:16Z
12Zu1rky4zMOz3O4FBXeOg, 2018-01-07T23:19:18Z
13QhbfXVXYz3Wlll4sZVzM, 2018-01-07T23:39:15Z
1EFsKhZXfAftEYLR1iAyh2, 2018-01-07T23:39:16Z
1EhZ1ugz5FGwBHCFaxxitl, 2018-01-07T23:39:17Z
1WjCGtkQQZGyTLa1kFpbGk, 2018-01-08T00:19:13Z
1rPTP0vLbub5gFH7FiqBaU, 2018-01-08T00:39:15Z
2SzN8aFto8qDLdA9Lj0txB, 2018-01-08T00:39:16Z
2cTqYG1rtwmpiXvhIuTQFY, 2018-01-08T01:14:18Z
2ifQ2wNr7zkFjf2dL52YSf, 2018-01-08T06:54:04Z
2koS4fD3kzizdnzWzyrxyT, 2018-01-08T06:54:06Z
2kSdsJ3aip4tThShhdPSp2, 2018-01-08T06:54:07Z
3dgMPpTQJ9Y91TkB072ZN3, 2018-01-08T06:54:08Z
3vZKrLFVKb3bh90D1w6QMP, 2018-01-08T08:55:15Z
3dcwmsIB5Frd4o0PxW4bjY, 2018-01-08T08:55:16Z
4iNgXqTD2uux9GH4lTnNaN, 2018-01-08T08:55:17Z
3rgSFQmb917ddGOlpg4Zgi, 2018-01-08T18:55:11Z
62ONV2l3zqEiCSSLh4BKDe, 2018-01-08T18:55:13Z
5Eb1zMVW6QSQR7Q1z7XxkQ, 2018-01-08T18:55:15Z
5SWfqINCAFg3N4x9bcegYf, 2018-01-08T18:55:16Z
5kQ2TA3cPbDdcoNWgP6dzO, 2018-01-08T18:55:17Z
5uihlhYwR3rtC5ca6gbMny, 2018-01-08T18:55:18Z
5vSyBKGgP8DwErMptrUmL7, 2018-01-08T20:55:12Z
74uskCEmooaUqWxm39Iula, 2018-01-08T20:55:13Z
7CeyIwdn0M6JhGvHPZstjf, 2018-01-08T20:55:14Z
7L03i9G5jFMUpMHuOmVcLI, 2018-01-08T20:55:15Z
06BRd83MC31o8vzZNwH0WP, 2018-01-14T23:20:19Z
4DZbZMqc3tuzuu2Xp40aKe, 2018-01-14T23:20:20Z
0dIYLb0o7VhHLzmorCznO7, 2018-01-14T23:20:21Z
0qKhwr9ZQHwoleQwyv0CyL, 2018-01-14T23:40:09Z
170o64ZtBrcXuLLxMwvc1O, 2018-01-14T23:40:10Z
1DseGFk6KENfkajCvVSJRM, 2018-01-14T23:40:12Z
2TD9i3t2yWNg4GxoBvLGzq, 2018-01-14T23:40:13Z
2qgudkFpaRq2YcJDWhKW44, 2018-01-14T23:40:13Z
2QEhVc7hg5Z5yI8UPOSRk8, 2018-01-14T23:40:14Z
3QpQqZ63KSCeT3Bg7wpaea, 2018-01-14T23:40:17Z
1AYXaktCxrgKdjbxNMtwAq, 2018-01-14T23:40:18Z
7oPAhwuLEVVzT53jXffG7B, 2018-01-14T23:40:19Z
4LZu1NwzmSANYguBi2EUDO, 2018-01-14T23:40:20Z
4QVdu4NSri0nezLXOGJsHF, 2018-01-14T23:40:21Z
4jTXmhMv91Fq0ivNQDzhPh, 2018-01-15T00:15:11Z
4ltu4e1LLaOu7JZPeZlbFl, 2018-01-15T00:15:12Z
50zNfN8K9LXK8JroW6GxCa, 2018-01-15T00:15:12Z
1dtAnQAlBEcvW2kxnlKrwF, 2018-01-15T00:15:13Z
5PEpq0XThGwhw8nOTvyUhm, 2018-01-15T00:15:14Z
5eH2rkqQdREk6M6WKuiKYT, 2018-01-15T00:15:14Z
65G7H4iqy4wwugOdfM04rn, 2018-01-15T00:15:15Z
3ZzhV6JIDKWvWR7wiKWD0C, 2018-01-15T00:15:16Z
6uBFcQ0TFjdnS5QUTff2Yb, 2018-01-15T00:15:17Z
76JXLAcSqdqVeA7gjgtzHz, 2018-01-15T00:15:18Z
79vn8aL5iSKxAfJL0rRHIw, 2018-01-15T00:15:18Z
7EsnZSIx0pUN5786tI7raq, 2018-01-15T00:15:19Z
7LIKiKUV9WifyLyLhO2XaY, 2018-01-15T00:15:20Z
7gd7BDwZWjGXD6CfX7KQcF, 2018-01-15T00:15:21Z
7mTtcGsy8nasBYDjAWBI5t, 2018-01-15T00:15:22Z
01Py8iHcmCTfgFZSvfnXbk, 2018-01-21T23:11:03Z
0AMJjizLUQlsYQ0noIv8No, 2018-01-21T23:11:04Z
0HXiCUy7rJ6ZZn9XxypHGW, 2018-01-21T23:11:05Z
0srm8RgwUfBvwdXKvkyDlT, 2018-01-21T23:11:05Z
15GJB890F14sKD5qFLopS1, 2018-01-21T23:11:06Z
1Hd1LiHrVX7lWEXiZZQZgY, 2018-01-21T23:11:07Z
1gtEY6ZFxbBnH8poGIRIaH, 2018-01-21T23:11:08Z
1vIOhHrJ30DHmKJs0RVIQj, 2018-01-21T23:11:09Z
76Mb6t3VBUjEBwKaW9VpbR, 2018-01-21T23:11:10Z
25GqfdWNqXW9uBfsp1w9if, 2018-01-21T23:11:12Z
2LxAoXsqsN2di6TOQq1dG7, 2018-01-21T23:11:13Z
2q9eCG1ozkbma5NsGew7F8, 2018-01-21T23:11:15Z
32Kg7L3mgzcekEo7z9pypH, 2018-01-21T23:11:16Z
38DAUnVJ0zqOdRuW7RG3sl, 2018-01-21T23:31:13Z
3ICRVhH1mviNzbUg5kjuri, 2018-01-21T23:31:14Z
6LGvckVMDaIaJDMZd723lE, 2018-01-21T23:31:15Z
3PC3B1xIdCkKRvQJ8LmgFx, 2018-01-21T23:31:16Z
3XpZl1wM92z9Z239joSmf3, 2018-01-21T23:31:17Z
3ctsORVoVEDUxLpQAL0zOC, 2018-01-21T23:31:18Z
4VTf5dPyBntcYFwW9b3fto, 2018-01-21T23:31:18Z
4JaOd0NUBTckYFZMguuY7M, 2018-01-21T23:31:19Z
4NACC5KVdqeEggJYpybfdd, 2018-01-21T23:31:20Z
4lpDquDZlbTSZplVENAxhe, 2018-01-21T23:31:21Z
60eZCIqGhOHfUdjzxrh3FR, 2018-01-21T23:51:11Z
60W2AelblhG0NTPFyi4HYP, 2018-01-21T23:51:12Z
6k1NlbXRqTu51DiDJ7Mwwf, 2018-01-21T23:51:13Z
72HpJ0PIlouq0gl9ZecT9T, 2018-01-21T23:51:14Z
7pN8GMLw3prWFn5nvJRM6O, 2018-01-21T23:51:15Z
5zvYIxA9GUbdNGGZk4Ag3E, 2018-01-21T23:51:16Z
003ykc4d5MQSGiPEWsS02p, 2018-01-28T23:09:07Z
0FDSwRs70KF26h3qN317RH, 2018-01-28T23:09:08Z
0gAGVfApZhoQ2PHZKJ1IMb, 2018-01-28T23:09:09Z
0n3Iy9cLRjba0Rz735IyF6, 2018-01-28T23:09:10Z
19AE85xII1CHMeGoDmlmlB, 2018-01-28T23:09:12Z
1BTrom97mzqBdk9DSmQlKs, 2018-01-28T23:24:17Z
1TR4h2QKrRyjQWuMwfo3cU, 2018-01-28T23:24:20Z
2oMktVUrjCclWoSWblwj5T, 2018-01-28T23:44:10Z
2d8uLvnyc1BJE0lmySffiK, 2018-01-28T23:44:11Z
3R1sbktYgdJvTu19Qt4Wkg, 2018-01-28T23:44:12Z
3TT6G1coexSIOxNJCvlyry, 2018-01-28T23:44:13Z
4Cr1ti8JmHXbj0dzF0DRM4, 2018-01-28T23:44:14Z
46Vcm3EXcBhWmdHKQ4eyQA, 2018-01-28T23:44:15Z
4ZSBGLE9j9buk6DXVSryBI, 2018-01-28T23:44:16Z
4gSdykl1fhmubnfWfsJcOD, 2018-01-29T00:14:07Z
2ESxO8Vct4tMYdNUYt6sLW, 2018-01-29T00:14:08Z
544fAed5aBKs9ToPr2Zun0, 2018-01-29T00:14:09Z
575MuGFrdfOFBsICmpBtsr, 2018-01-29T00:14:10Z
5PBP5VRLIf2XfLedZr1suU, 2018-01-29T00:34:19Z
658XenLK3X2hTp11wr6zE4, 2018-01-29T00:34:19Z
6747nCh2qhKhsP7rW3i6Ui, 2018-01-29T00:54:17Z
6Vz2IQv3AYoznh4tjsrRPo, 2018-01-29T00:54:18Z
6YYu8qFzcY1ZyzzsJIQM12, 2018-01-29T00:54:19Z
6pUfi8uawZnCK2T0hatNwR, 2018-01-29T00:54:19Z
6sc1bhC7ty4XWW6SI84rwg, 2018-01-29T01:39:10Z
72cg4aDkmGG6jnUhlRtGHc, 2018-01-29T01:39:11Z
7LOAChK8Lkj8ZdF1LuhNWP, 2018-01-29T01:39:12Z
7bA5NmTNIJlEGO0Ax2BHDN, 2018-01-29T01:39:13Z
7n3kGSVCx32nesO6xfSmrW, 2018-01-29T01:39:14Z
7wAPKByejF2gAMm9PoWkXN, 2018-01-29T01:39:15Z
02tiurLpJcKS0aFVsyvKz3, 2018-02-05T00:11:21Z
0HzEO94gYaJvsAADxKRl3a, 2018-02-05T00:11:22Z
0wsJLHodMH1rVpVcKaharX, 2018-02-05T00:11:24Z
164x73EfS67eCWhm2MvHgP, 2018-02-05T00:31:14Z
1caaPKXsfmGTT1t5Zcu243, 2018-02-05T00:31:15Z
4lyupu0V7V9CoKhH52sfS8, 2018-02-05T00:31:16Z
1mQ3ryvTBSWeEMkH0Ul4gK, 2018-02-05T00:31:17Z
21XdZYuw2jLsMt76U7ZzC3, 2018-02-05T00:31:18Z
23aDP04QX8MAHA99FLaPtN, 2018-02-05T00:31:20Z
29hd9qAOlril7oQ3QT3KYn, 2018-02-05T01:26:52Z
4QcsO2vpLK2yVTVwzjgFYh, 2018-02-05T01:26:53Z
2kkaCAMHSux4DUKSgo1zDF, 2018-02-05T01:26:54Z
39e1f21sAeTwzy9OW9lQVn, 2018-02-05T01:27:03Z
3hbx2HUnYoLu5KuxiBJrAB, 2018-02-05T01:27:04Z
4NkG8mhEPiyezk8AOpPRbI, 2018-02-05T01:27:05Z
4STV8yvImKsMUrA36DSr8j, 2018-02-05T01:27:06Z
6U0gjjBuRuvstqnmWS5e2q, 2018-02-05T01:27:06Z
59ByVOlmTSuVcEefBpviJQ, 2018-02-05T01:27:07Z
5FjC0o2EGdlAMdc3hfeTMd, 2018-02-05T01:27:08Z
5NUAscEeJlMkAsIAhHAuZ7, 2018-02-05T01:27:09Z
5jJPcImQkogKdwsVS36zH7, 2018-02-05T01:27:10Z
3gWdr4kCejujscXZb6MLpZ, 2018-02-05T01:27:11Z
6DjD0YrerB11AMEkLm8jAl, 2018-02-05T01:56:18Z
6IHnyVDbp9pfkaD2i74ceh, 2018-02-05T01:56:19Z
73iucvWnsu6NAwdpM3NgCT, 2018-02-05T01:56:20Z
7kcUCIpVBK6w1OwoiiPSpi, 2018-02-05T01:56:21Z
4m4WvY0IrYvt5UfeqCnDYD, 2018-02-05T01:56:22Z
03OatJDig9xo7Yra9mvomV, 2018-02-11T23:02:48Z
0dFFKpQzA1OejTgRIX27nd, 2018-02-11T23:02:49Z
0tSvCVLCSBuC03M7qfCXr8, 2018-02-11T23:02:50Z
0TGBDqOmuVEyKguewVXeDi, 2018-02-11T23:02:51Z
0WNGPpmWqzPnk0psUhJ3SX, 2018-02-11T23:02:52Z
0p7rBqUbdeJydjBkkHwGCN, 2018-02-11T23:02:52Z
15J6PrzKaLtvw0dBr9sq72, 2018-02-11T23:02:53Z
1KsPi0McDgRINw6ClJoyUP, 2018-02-11T23:02:54Z
1n0VqMms2yoTGVvunXenQA, 2018-02-11T23:02:55Z
3MuQiwgDYYEXtS7ish1Brx, 2018-02-11T23:02:56Z
2Ik5sL6lweROCHQ2lzCSWC, 2018-02-11T23:02:57Z
2XTjamhOEI6Q11PSvnVtNQ, 2018-02-11T23:02:58Z
2vUMdAub2h5j5zuSppYQyT, 2018-02-11T23:02:59Z
37rUsWyddcUnCrHUi0gq8S, 2018-02-11T23:03:01Z
3HIE7YbaGwUxTEauJYUgDB, 2018-02-11T23:03:09Z
431icwjIdOMFbf4hvkc4tC, 2018-02-11T23:03:10Z
4FnRRY3oEAor3gMEvsuBrp, 2018-02-11T23:03:12Z
4WG5SYnIiH92jOKC3VIpfl, 2018-02-11T23:03:14Z
5yJwzSaLkXfocpsZ5S3Kq0, 2018-02-11T23:03:16Z
4xa1gzSKd6ihtVGd8dWs69, 2018-02-11T23:03:17Z
4VNgYJVg9UhrLwJg6FTdkB, 2018-02-11T23:03:18Z
7N2eSgv5SX4kdU6dVD80HF, 2018-02-11T23:27:17Z
5KH8b8cxNNE2ds1UQzLOOU, 2018-02-11T23:27:18Z
5Wku2SJFnfMiVsHLxcYGbB, 2018-02-12T00:22:18Z
5bgbePi06Jpajb3CfgEhgJ, 2018-02-12T00:22:19Z
5O5pw4bSw0Edj8ZeduDiks, 2018-02-12T00:22:20Z
40rbqWI9KjHySRXQjR4NcE, 2018-02-12T00:22:21Z
7IyDLBtIXS2EKZEt8trS03, 2018-02-12T00:22:23Z
7eWIBNEmDlIpnrrhcubpK0, 2018-02-12T00:22:24Z
02X7NNA0oC2EcGFls0OKzo, 2018-02-18T23:10:15Z
0NVNmybggOg7HqjcxCkvpq, 2018-02-18T23:10:18Z
0WAEGVylZjbe2mQ6Or6HxY, 2018-02-18T23:30:19Z
0qrYU79JEkJeN7EcQBhsaH, 2018-02-18T23:30:20Z
14g6foD6sxO1qgkDKuPgWv, 2018-02-18T23:30:21Z
1D7RHL8KWWOyPl5X7cElsw, 2018-02-18T23:30:22Z
5mwkCplTtbu6kIhlm15ZgY, 2018-02-18T23:30:24Z
30njO8xB8t4gUbocXczybe, 2018-02-18T23:30:25Z
35WrGiedxxEig5Rp1t73LX, 2018-02-18T23:30:25Z
38CKlvr9JtyYaU7CO36OYX, 2018-02-18T23:30:26Z
3K4B7jg72g1mwltdOljDU3, 2018-02-18T23:55:17Z
3T37jKtvQzNExmz3DuQNoz, 2018-02-18T23:55:20Z
3eY6v5D25X7xyYVxDIwUYi, 2018-02-19T00:15:10Z
32dbzfAo5uJihJKzXlA2x5, 2018-02-19T00:15:13Z
4nZVh6X19GZwrw9QAbJ4rQ, 2018-02-19T00:15:16Z
4pHrpb8f1TXy5YXCPDcfzc, 2018-02-19T00:15:19Z
52AUkY3eBz7b6BS2WXv1Uq, 2018-02-19T00:15:21Z
52YwTK2KoEFQfXKUnr9IgL, 2018-02-19T00:15:24Z
5bXS4dmrVpQ2NyJ7Beu82J, 2018-02-19T00:15:28Z
5kCVHTxREHhkWk2zd7c4Nf, 2018-02-19T00:15:31Z
5rFTwVCVkayC7kLQVj4hZS, 2018-02-19T00:15:35Z
6GyLffyzvTFTeSxNLYQskU, 2018-02-19T00:15:38Z
6JZv5f9ufV0Uz7VbGpd2DL, 2018-02-19T00:15:41Z
6jGNKtvSlqYLpDwF2hH9bx, 2018-02-19T00:15:43Z
7sYCSpjzAAZ0IYLnWm4fXj, 2018-02-19T00:15:45Z
5lBVjGcCT47SFdYXH3zqPn, 2018-02-19T00:15:47Z
7vrOjXJ3Oht6fFYxwoEV5J, 2018-02-19T00:15:49Z
0uAr3Hl06VEpJ8ErsZACtl, 2018-02-19T00:15:51Z
0DPKVOCpCrwITGFqH8QLOw, 2018-02-25T23:22:10Z
0fDFzVTG8c2fW9EM5f1RHM, 2018-02-25T23:22:12Z
0kUslO5ParsPg9Uz69B0k4, 2018-02-25T23:22:14Z
0vnms8M4jYsDlA5MT8GcCV, 2018-02-25T23:22:16Z
19mzeQjEbdnF0T8QANTfOI, 2018-02-25T23:22:18Z
1xD44zf2m2Ww06kZFRmeEc, 2018-02-25T23:47:11Z
267lVml7gJ9xefwgO6E2Ag, 2018-02-25T23:47:12Z
28s5iRbX62GZG2ReZTLKDa, 2018-02-25T23:47:14Z
29KPN582UJZMPIzH9e77zP, 2018-02-25T23:47:15Z
2IVyQNYOJSRgkSgSH8y5cb, 2018-02-25T23:47:16Z
2a47PsS0gsNwQf7n9cRQEo, 2018-02-25T23:47:17Z
5HaTv6nHDSVO1LqjwoP7RA, 2018-02-25T23:47:20Z
3SuUswNWXLmRkrLGfGuXPb, 2018-02-26T00:12:08Z
3nj5Bn63HNVF6AGVUhKfgl, 2018-02-26T00:12:21Z
4B9MPmBNMqJkJCpj93NtOe, 2018-02-26T00:32:17Z
4acYM2ql5qiU7yXtz9KM1n, 2018-02-26T00:32:19Z
4mvTcdOP0nx50zpnnhfPdD, 2018-02-26T00:57:07Z
5ChOqvELRLFjWCa87eUF8K, 2018-02-26T00:57:09Z
5X5WJEY8b5Z052VvkzbF8W, 2018-02-26T00:57:10Z
5bCzyMvtNjYjUzLtrpvqYo, 2018-02-26T00:57:10Z
5erj8jK6bq8MWFnDVv2HtI, 2018-02-26T00:57:11Z
5r0l5YdyIIjxRF5B8O3YbT, 2018-02-26T00:57:12Z
62qbyNEG09natbW2Viq0jZ, 2018-02-26T00:57:13Z
64DkUADFBHKvEjEbh0cXcl, 2018-02-26T00:57:15Z
6ptQ0bSpDxgOIaf6gFzM1p, 2018-02-26T00:57:16Z
6sVQNUvcVFTXvlk3ec0ngd, 2018-02-26T00:57:18Z
6tcJLEjYIYxpTd2zq2K0K7, 2018-02-26T00:57:19Z
7gzKfa7x8bulnu87MHFQOl, 2018-02-26T00:57:20Z
7bs26A9QpVsAfYuE3MQfLC, 2018-02-26T01:17:06Z
03HyNgeTUSngliiDmpqOdm, 2018-03-04T23:01:27Z
0GfHsEGSOZNYzCIvE0neUS, 2018-03-04T23:51:04Z
0dvF4tXGoyPAfh5EzimNzT, 2018-03-04T23:51:04Z
0MARvF1Etz34qm3BUTTbDE, 2018-03-04T23:51:05Z
0dYYnwpxDpsVOhzADa2JKi, 2018-03-04T23:51:14Z
0us5TI6Wi0gVyOZMwXbOnO, 2018-03-04T23:51:15Z
4OKLB52ho42HIcvE4NcBMP, 2018-03-04T23:51:17Z
6GE10SND0HcTkaJazrqK0F, 2018-03-04T23:51:19Z
01edi1kcReyfkLqtfEZI0H, 2018-03-04T23:51:20Z
2V2POrddZbxkYHAJoTxuXS, 2018-03-04T23:51:21Z
2YHO9pscU1ij1i2Oc3bCae, 2018-03-04T23:51:23Z
2ZZjAZLVSnHJnSNFN5AUCd, 2018-03-04T23:51:26Z
2e1j5sMegdfPy1PkE48GmI, 2018-03-05T00:46:18Z
3Hso8rLyhyLb7zaw7zd6WR, 2018-03-05T00:46:20Z
72Qah3a1mle94iArhw6P63, 2018-03-05T00:46:21Z
3QoDoOAy5phjZ5CJwmarNI, 2018-03-05T00:46:22Z
55OoUbyymtaO4avZOMcc51, 2018-03-05T00:46:25Z
2rsswxxShjBqoEj7dbr4Sb, 2018-03-05T00:46:26Z
5dIcC2RTD2BOHTC1F0jrIN, 2018-03-05T01:06:19Z
5rXMjn480P9q0aomXjmj0Q, 2018-03-05T01:26:08Z
4V3iTUjiY2KIwg1316Infs, 2018-03-05T01:26:09Z
6Y9WuYN6OfMIzKeEgx6El5, 2018-03-05T01:26:10Z
780qGm1hhzIL9x7nvMqgye, 2018-03-05T01:26:11Z
78DDSRvxEc192w2FELaNdU, 2018-03-05T01:26:12Z
7EJVIiI9R10NkvFDTdglAZ, 2018-03-05T01:26:13Z
7pLU09xNRaBhNGdbsUHhQD, 2018-03-05T01:26:13Z
6xNOjtwZ0GaNgz0JX1V1yW, 2018-03-11T23:04:15Z
44w1Bm0NdhGmPWJVaVovQO, 2018-03-11T23:04:17Z
0lkIxTwTDkfR0hvJAFgUXk, 2018-03-11T23:04:18Z
5Sff7KCJ5Q01vJOUaaiPSO, 2018-03-11T23:34:12Z
1mDTCKImzhwUDFhK9atXxi, 2018-03-11T23:34:14Z
26u49cjs34QygSgPNJRAyR, 2018-03-11T23:34:16Z
2GpdnlfPrtQBWLpAjznBKA, 2018-03-11T23:34:18Z
5yJDCDLUzHjdfd8jEWtFw2, 2018-03-11T23:54:06Z
2oeLt7N1amHZiev27FvKE2, 2018-03-11T23:54:07Z
2rneJaaVTvpEnq22TiCzE9, 2018-03-11T23:54:08Z
3XrPNRdFbGZESTGPte23dD, 2018-03-12T00:09:08Z
3Qj0w5Rt36W5igxJQ7A5Dp, 2018-03-12T00:09:09Z
6sJ4FINkSKdryyAnD3L9ts, 2018-03-12T00:24:13Z
3vNzDPSTgUr1d812rkaCvU, 2018-03-12T00:24:14Z
43nYWqHObCNY8YT5ALLT9t, 2018-03-12T01:14:13Z
4Ec8I6H20zu7F2vDdg90qP, 2018-03-12T01:14:14Z
4VVVIchlJFKul9vntEVNcz, 2018-03-12T01:14:15Z
4W8xsDeYycGWZXwnFmuTYG, 2018-03-12T01:14:16Z
4eBCTzBsSjYgrLH5clQf2x, 2018-03-12T01:14:17Z
4qYVtcv1mOfMPTHfmrW7ZH, 2018-03-12T01:14:19Z
59v1okflZrEkeb9JrxfJvX, 2018-03-12T01:14:20Z
04vZJWYALdYvAsmytPoOD1, 2018-03-12T01:14:21Z
5Ta2cnPdPrM8G5GS883d20, 2018-03-12T01:14:23Z
61Fjqz2TUoRLuZY0t7JM2G, 2018-03-12T01:14:24Z
6bGMai7fcmgBAS9AASU15T, 2018-03-12T01:14:26Z
6f7xPDY1G2QQx2NjGKRT1N, 2018-03-12T01:39:19Z
6ypqzijMjsopQkfMLrImQp, 2018-03-12T01:39:21Z
7abPXehMoF3iV4LJddq8ar, 2018-03-12T01:54:33Z
7gTMsKyhm6vuUWoxRaFpsJ, 2018-03-12T01:54:34Z
