32ZeITs3JUlf0zGB8zS3cO, 2015-05-25T15:37:18Z
43aOGDeF6L2MOuXtJX5fu8, 2015-05-25T15:38:24Z
2cjQdVcuTteaz44I0Cjs4f, 2015-05-25T15:39:27Z
4mS1Su5zf50QwNcjYjYzG6, 2015-05-25T15:40:40Z
3WDRFFmZg9YEwMsNIty1ht, 2015-05-25T15:41:24Z
0sWrJaH7ues8yOlczcK71l, 2015-05-25T15:43:00Z
4jEzyMsPcQr7LQG6J0vp3V, 2015-06-09T11:12:35Z
3BiZ8inbHGmvmOmLMFNXYn, 2015-06-09T11:13:20Z
7akxzzetf06jvqQEEIf55y, 2015-06-09T11:13:45Z
7fQgIaTVHxip9m7no6wwAc, 2015-06-09T11:13:58Z
72cjVO7D8QF2DgkafXq9it, 2015-06-09T11:14:19Z
5DPbd8DX8iqVcLwSHEMYmT, 2015-06-09T11:14:42Z
3dzW0SoVNyJTWWJimX8stj, 2015-06-09T11:14:54Z
1Otek5aO69cfFGeB3jfmRE, 2015-06-09T11:15:09Z
0A4PZuepTcIQVvA5m7R0M1, 2015-06-09T11:15:18Z
0B1zVsLqmV9ibIFdNS5tGs, 2015-06-09T11:15:41Z
7b16g1E6OAG6HNmAQBgZos, 2015-06-09T11:16:18Z
0bHm2wFL0m7qZIlhO7PQu5, 2015-06-09T11:16:25Z
0gOyllwzM7IvfuYZ903zNv, 2015-06-09T11:16:46Z
1xulBp54SzvJEBC7kBrxEO, 2015-06-09T11:16:54Z
633cq9aJoFCEFYDff2pZ2j, 2015-06-09T11:17:13Z
07JAwmTGx5t3wU6iGbZqnG, 2015-06-09T11:17:27Z
3zw6G70owywCriCNHKDQGH, 2015-06-09T11:17:45Z
1c2aSEpFx4g2yp3AVqo45y, 2015-06-09T11:17:51Z
7oXRMDUzBPekkLRTJhSGvC, 2015-06-09T11:18:32Z
0wmaGiDKtKaRf7G8nBfNsQ, 2015-06-09T11:18:38Z
7oOfzBnlckN4bEjwn2xkqY, 2015-06-09T11:18:45Z
19wpm3sZnIU8sZBBPg7e42, 2015-06-09T11:18:53Z
1Dhi8OBMSyukjUQ93uBfNz, 2015-06-09T11:19:01Z
2GClIkNR8dP3E2jZEklaZE, 2015-06-09T11:19:08Z
7lzwtE0vSV5i2EJeUhVGYK, 2015-06-09T11:19:23Z
7IRYckMYwC53iCJNBFCX6r, 2015-06-09T11:19:39Z
02aWAdRVRKtRBf9bjAkSiw, 2015-06-09T11:20:12Z
5a03Q6nUTgYBdXgG3vMw0w, 2015-06-09T11:20:40Z
3O6zlrsCnWIvFsdQmCMdVk, 2015-06-09T11:20:48Z
2NHAfBOHvomFTmUfSv5mkh, 2015-06-09T11:21:02Z
31uARo8uutOHb5rXbdUq7A, 2015-06-09T11:21:34Z
6mRdmORgq7p8HfKo2ieOvm, 2015-06-09T11:21:48Z
5jlRFJpxfsUKHlKFowSjH6, 2015-06-09T11:21:56Z
62wIzcoGFJGEEQ5W9yQRfC, 2015-06-09T11:22:02Z
4xwe7H1IqINUZtMWr2XTjs, 2015-06-09T11:22:20Z
5jP7RweqXrSJ4tHTvQqXxw, 2015-06-09T11:22:41Z
5eSllZgRWCIJsDTAqFRwQw, 2015-06-09T11:22:45Z
6fTww3kL4SxbezLB52BZh4, 2015-06-09T11:22:57Z
4kjK1JhzQQVl8kuhMHaEcW, 2015-06-09T11:23:04Z
6zPSeuWlNSPWcdFXP7oi7I, 2015-06-09T11:23:12Z
1whEcbGEgWEaTfUPbjkn61, 2015-06-09T11:23:22Z
7h69nvFshbhUpesEXBPH0w, 2015-06-09T11:23:35Z
1GreGTs4rIfjDILBERxKcB, 2015-06-09T11:23:43Z
3w56ucf59EbjBU6TXN8JiB, 2015-06-09T11:23:51Z
6DVNQXL9LRzKq8zjyFEuTC, 2015-06-09T11:24:10Z
2p11ZusZ3w6CDkYel6HkUw, 2015-06-09T11:24:44Z
7jfPP4iBTQFJAgafimQ0S4, 2015-06-09T11:24:51Z
4A0a1jZGf6FhzPAmTRSFeN, 2015-06-09T11:24:56Z
08gIcAZma3A6R4CQUMnGmx, 2015-06-09T11:25:08Z
3MXoZJfVHe3EdprAFhDVao, 2015-06-09T11:25:16Z
4041m5Nr5GuEaqDSq9wjXa, 2015-06-09T11:25:27Z
7xl2ZaOnKAxJyrkIQe2S43, 2015-06-09T11:25:35Z
5l3xc1IrbnxOxgQL7Tippt, 2015-06-09T11:25:47Z
0dcJ1SsbTmAvC3ZVvUYMIy, 2015-06-09T11:25:55Z
6LvBEr8AXEygkBLMqXR0lg, 2015-06-09T11:26:20Z
1qkQZ2LcE24sgH31AEZxZB, 2015-06-09T11:27:03Z
1lEuhb6nw1ONLPvwJZarse, 2015-06-09T11:27:08Z
0Hl2Vuhhhh8buesoxUk1DW, 2015-06-09T11:28:19Z
29anZRI6gLFCddYsVnEEq4, 2015-06-09T11:28:41Z
4B3dL0tGTyuCFrNC5cBVfh, 2015-06-09T11:28:53Z
2f6JvJhSAdiQDGRgCazpXy, 2015-06-09T11:29:00Z
4WTk7vle9ubGFvRUkaGUBd, 2015-06-09T11:29:19Z
1Wj8TbAEUGChMPD1vvsUat, 2015-06-09T11:29:33Z
1gC2ac1OuetbDVygbEIXM7, 2015-06-09T11:29:41Z
2GmMkODuUWlFZn87jdjbEy, 2015-06-09T11:29:46Z
6Ac4NVYYl2U73QiTt11ZKd, 2015-06-09T11:29:55Z
6AkrUkcJvjV7XI1Y9XInOb, 2015-06-09T11:30:11Z
4p9QKG0SMhOZzujKQTDG1z, 2015-06-09T11:30:22Z
5ZxIQNPTQmxsgjBdf1ZmmQ, 2015-06-09T11:30:33Z
7pwULzYydZdjJX3SiqQ5bR, 2015-06-09T11:30:47Z
6Lkm3HUB0wKn6LJqxnuxgs, 2015-06-09T11:30:56Z
5c5a2Ptu8eyIpljhQHjIqk, 2015-06-09T11:31:05Z
7tTWmOr24lvIrq8xolWgg2, 2015-06-09T11:31:19Z
7ckO5VCuSYBQGceDzJMd6S, 2015-06-09T11:31:23Z
4R3i6bPqzQrOQGUmZNCgOe, 2015-06-09T11:31:29Z
672N8DGGTOLCOgWe0koX5g, 2015-06-09T11:31:34Z
2z3JEOnaMECZFpKyF4MGib, 2015-06-09T11:32:01Z
2BrL11P3djGJKirIN160qf, 2015-06-09T11:32:15Z
1gMnL6ChbTN7A0k7jmWTFj, 2015-06-09T11:32:33Z
7lJrfUAYPPKttRhVtbnsYr, 2015-06-09T11:32:40Z
3UaqMekEh1kbVu2A6DwiQs, 2015-06-09T11:32:45Z
4YMjssjl6JWPF4ZIcvcwkg, 2015-06-09T11:32:54Z
38wCbVfMreML5ZhF5iQuKA, 2015-06-09T11:33:22Z
49G0Rj1qpt75vdgiOo8QAE, 2015-06-09T11:33:27Z
2Zb1vzq95XsUDGdjOkaGie, 2015-06-09T11:33:35Z
2mv6GY70UsHiTCGQZ4JfgC, 2015-06-09T11:33:53Z
6gQZKkphKIMxZgca5r7ImA, 2015-06-09T11:34:12Z
20jhZ58fJ7xTkTudhxrWQg, 2015-06-09T11:34:35Z
3S9jeCmQQ5i3xRkaR6FpNf, 2015-06-09T11:34:42Z
4Y4Gd3ty8uut6Qw43c7yJc, 2015-06-09T11:34:50Z
4eZDMbQm12jmaTFT6fOBwo, 2015-06-09T11:35:54Z
00iV838pAEznn1qLoG8Rxy, 2015-06-09T11:36:02Z
3v84otT0tjqhDPpm52HLJ6, 2015-06-09T11:36:16Z
4fQMGlCawbTkH9yPPZ49kP, 2015-06-09T11:36:22Z
5FCyoZGaN6nRod1oNDJIWZ, 2015-06-09T11:36:37Z
0QwzCPyTv6UnzjAhZZ0CkB, 2015-06-09T11:36:50Z
2NqVgVZstbhxp3FF8RieCa, 2015-06-09T11:37:14Z
3Oa4HmaT53IzzyZDbqmT2b, 2015-06-09T11:37:23Z
03gbCNDCin8AM7EyqIFv02, 2015-06-09T11:37:29Z
7nCONy10IHp7XD3oYZ0lcx, 2015-06-09T11:37:39Z
2cbrFLBZYNd3nJpWSEuw6j, 2015-06-09T11:38:25Z
3V0X9TnDk2YYy1KC9FczAl, 2015-06-09T11:38:31Z
13Vpcq8uIH235ulRNQv9tU, 2015-06-09T11:38:39Z
0RkvaJraEJFlb7gJ8mYPMQ, 2015-06-09T11:38:51Z
4AyifPSrdaeAYyWNGSqbd2, 2015-06-09T11:39:09Z
2NFWbLKExSkwiCGEVZnDWZ, 2015-06-09T11:39:21Z
47uKn55GJg45rVYpwlbLk9, 2015-06-09T11:39:27Z
78aWqDEfG0QJ8U4Vy33mUz, 2015-06-09T11:39:41Z
0lSd7M1gqvDt8DNdHenwDL, 2015-06-09T11:39:56Z
4pbYAek4ZnPNDlayqAvpRY, 2015-06-09T11:40:09Z
4coYVm83MTdcEKlWcbU4Zh, 2015-06-09T11:40:22Z
3AI7BMmhcoNopWWrmpJPMa, 2015-06-09T11:40:32Z
1MUI7NFmVpEA7n3iKfE6Ow, 2015-06-09T11:40:48Z
0m8tnq77KFbRDWCKGR404P, 2015-06-09T11:41:09Z
03ZIYIkSXFEe8eKeG6qzE8, 2015-06-09T11:41:18Z
4rYlKl0AI9uUCnFQXSmjFF, 2015-06-09T11:41:23Z
1qRA5BS78u3gME0loMl9AA, 2015-06-09T11:42:35Z
1i6N76fftMZhijOzFQ5ZtL, 2015-06-09T11:42:48Z
1sR4aKaHpLrc9u7g4ii90U, 2015-06-09T11:43:09Z
4alHo6RGd0D3OUbTPExTHN, 2015-06-09T11:43:15Z
32lF1rsInDTdK6Av3KdfaY, 2015-06-09T11:43:29Z
2XYRxeXd56lzqTBzO41ARO, 2015-06-09T11:43:41Z
4xONa2vsxsDJr4xZxc18I8, 2015-06-09T11:44:00Z
3CLlffDgi9y70uC3JRQVZx, 2015-06-09T11:44:22Z
6HA97v4wEGQ5TUClRM0XLc, 2015-06-09T11:44:29Z
3vyKSb9sAdXl0kQ1KnS9fY, 2015-06-09T11:47:28Z
4HnOQgOTzW5vDDLO0Jomvu, 2015-06-09T11:47:38Z
1XCXxmVOI6dgsaJV1njpcj, 2015-06-09T11:47:50Z
60xfM8Za5Kd15uxwutXoq7, 2015-06-09T11:47:59Z
7boGhDgnV8IWKVLzrEtzYQ, 2015-06-09T11:48:08Z
4cX6e43OFHbCMTmuRsKiAe, 2015-06-09T11:48:35Z
6IPbC7mZBSyBQLVOyoHWVh, 2015-06-09T11:48:54Z
6gw0VbU7mFGCFnpKS0CbYU, 2015-06-09T11:49:25Z
5g7rJvWYVrloJZwKiShqlS, 2015-06-09T11:49:36Z
5ZSDLOVEhZlvqcI6ELAT44, 2015-06-09T11:49:46Z
3CsMdAuNoD7e8kRzHV24TR, 2015-06-09T11:50:20Z
6PFu0gKRvsbd7rTLWJUUQ9, 2015-06-09T11:50:43Z
4I1lFtDJzixD1skosyqogr, 2015-06-09T11:51:28Z
74s6Q9teTV7W1vl6YCAj09, 2015-06-09T11:51:35Z
6h1Z6bnGBXL2uQmfADkIQn, 2015-06-09T11:51:45Z
4rJ5IjkG8Eb0wjZ666xOjJ, 2015-06-09T11:52:03Z
5yoAAVeGTLkP7aezWcbsfN, 2015-06-09T11:52:15Z
0yUSyIDYzxFn7sIR4noI98, 2015-06-09T11:52:20Z
7BMKUZ2LFwRJxIuTe7e9xY, 2015-06-09T11:52:27Z
61w1Ry5X8UUsbNoPG7zRP1, 2015-06-09T11:53:13Z
2MM0QgfLkEQF5oukGchPr3, 2015-06-09T11:53:35Z
4yrloqLBKS7Pi3z7g2HDga, 2015-06-09T11:53:46Z
5iG1NFG21X5jYrtbJF7SKE, 2015-06-09T11:53:59Z
5IkF65kEb86XQhlK888Lvc, 2015-06-09T11:54:05Z
2mmTm9zcfU5JGhdd5W79Jv, 2015-06-09T11:54:10Z
43MOKEiRYA05XEGnjnkMgS, 2015-06-09T11:54:16Z
3Ixen2OzD2YwPljVbTVoXd, 2015-06-09T11:54:21Z
0aFaTNe0oQtCxOLGPJG0yC, 2015-06-09T11:54:36Z
2res3Ptlahsu1kh5XtFhu4, 2015-06-09T11:54:46Z
0fKSXu78zmaifSCZCYNHoo, 2015-06-09T11:54:53Z
3QkCAFX6y8xoyxAEq49FnO, 2015-06-09T11:55:14Z
4oH6OlFcQ5X5JofFi0B4sI, 2015-06-09T11:55:20Z
2Nkkdxu07VARUdmb18ba9x, 2015-06-09T11:55:32Z
6fjRYjzQq3FHCkXVu9v4EJ, 2015-06-09T11:55:48Z
1aR6KEUmuCvrI5Q7LhmQLN, 2015-06-09T11:56:02Z
6Q32Vkucx2qeuVyBd3NiFZ, 2015-06-09T11:56:09Z
5eQoNnXQJKsLt1KkEb0abO, 2015-06-09T11:56:17Z
4c6vZqYHFur11FbWATIJ9P, 2015-06-09T11:56:22Z
1fLyFUrSFZ5BmAU8RvdK38, 2015-06-09T11:56:28Z
6bm0WQCaf5cxIF5RfeqD14, 2015-06-09T11:56:38Z
1aAxg5rWVFy6p94IWzO9pN, 2015-06-09T11:56:44Z
3MGoRISLXBWBnLI9lTEEfK, 2015-06-09T11:56:52Z
1gGY6qfslDtJ4OoWQGKtkE, 2015-06-09T11:57:02Z
4vjyqlA9CRFMKD0IT7uYTL, 2015-06-09T11:57:14Z
1M7F8AGNVOfFvCELlCEkZG, 2015-06-09T12:26:06Z
27m1soUndRthrAA1ediOXn, 2015-06-11T08:37:04Z
0NzSlcBUNgYkhbaL20cljR, 2015-06-13T22:30:36Z
0194YiKINgCOppywsNv7FT, 2015-06-13T22:33:49Z
0ZLSKmBIDFaQSfR5veas2h, 2015-06-15T21:17:39Z
140ZtSB1AWAZ4laUUNrkiL, 2015-06-19T11:45:57Z
6c9t15M38cWxyt3uLnLfD8, 2015-06-19T11:46:11Z
2TZa0cNEeDbKKIVSfFXrWY, 2015-06-20T08:35:33Z
5OergxMcg9vSZ43V5RbiHF, 2015-06-20T08:35:43Z
11TdJFbzP2vmWZLdMcOG0v, 2015-06-20T08:35:58Z
4y6Hfr14fqyrvuzVwTp0fp, 2015-06-20T08:36:26Z
0eAjrHrO5ruRodDkRCivv1, 2015-06-26T11:30:56Z
2AjdV1kaiUpCqGhLkBLES3, 2015-06-26T11:31:23Z
19CIsQ1HElu4XHdLCMlSqu, 2015-06-26T16:04:30Z
2EPwH1bWUcre7x8I00EAky, 2015-06-26T16:09:22Z
00Drwhan2rZCVDbcblXajF, 2015-06-27T10:48:22Z
6tkqqX7J4qgWD71Ts6BLaR, 2015-06-27T11:36:03Z
280ug6L9DqErWjRYws1xp8, 2015-06-30T12:04:40Z
7otf12LkWCB2mTZhZvMHTb, 2015-06-30T12:05:31Z
02mqSVqFLY0dWJFSsykksZ, 2015-10-03T23:51:24Z
1uNH7kknB8MVkmh6FfDb6W, 2015-10-03T23:52:47Z
4K2ksQq5BbIjL7I2ZuQLj2, 2017-07-26T22:59:53Z
5vE5RTY7KPaarso26QiPMW, 2017-07-26T21:02:12Z
6Ey0pDNYeVeZDabYdDqWav, 2017-07-24T15:02:58Z
1RSy7B2vfPi84N80QJ6frX, 2017-07-24T14:26:42Z
12v5GBM74fB8WsHJPQRTIe, 2017-07-22T14:15:03Z
2HJJ9wz5JiSiTPUfSEZ7C7, 2017-06-18T15:44:15Z
79ixYOEm8OrKGIQxI7jVye, 2018-03-01T16:44:20Z
4ugLp0bGRzn333EjSC6Qdl, 2018-03-02T13:54:43Z
5C6E7cEF49bs0CIWj3jjub, 2018-03-05T11:53:29Z
2V2POrddZbxkYHAJoTxuXS, 2018-03-05T18:48:42Z
1xKW0Y1kSVnZzcAHOccLVl, 2018-03-07T12:33:15Z
0GfHsEGSOZNYzCIvE0neUS, 2018-03-08T14:35:41Z
4WaeeMOeSnyd9zE4kCagZZ, 2018-03-08T14:41:08Z
0hnlRgTh80b1emNnM0jmwt, 2018-03-09T00:15:09Z
3OtBieT1rwL2SoePlQL4Zh, 2018-03-15T15:49:15Z
1ZfDSjnhuMV96aVB0gvhgk, 2018-03-15T15:56:24Z
3EKONPY5juSe9sgE3sqFVE, 2018-03-15T16:04:52Z
6lDIvBNSzrEnhzC88KhoxF, 2018-03-15T16:29:24Z
3x0iCzjgf0v9lnwvAhU9P2, 2018-03-15T16:29:34Z
6xuyr1ubPi5jkQnVkTb9bF, 2018-03-15T16:49:15Z
1VQ7nXb0tNClxzMChGUO4O, 2018-03-15T17:51:24Z
4zVjBlEC30GRWNo0t7XW7V, 2018-03-16T00:22:44Z
7JPZYBDynF6KlqJyLfTI3K, 2018-03-18T13:55:28Z
2GAvCh5XRUcadG2xScude5, 2018-03-18T17:58:55Z
6QG3s7owEeFtWFjgFVGDEK, 2018-02-02T13:31:52Z
59ByVOlmTSuVcEefBpviJQ, 2018-02-05T20:20:30Z
3HIE7YbaGwUxTEauJYUgDB, 2018-02-12T10:42:45Z
1n0VqMms2yoTGVvunXenQA, 2018-02-13T13:17:39Z
3vF6NsyLWT9GRG30nrivk1, 2018-02-13T20:08:40Z
6GgUOrVSRYuhDBKvOd7lLd, 2018-02-16T08:36:28Z
2FvIkVNVEmiAaasafDSWSV, 2018-02-18T13:54:37Z
0Jb4ZNkcOLkl98RHt5H0pq, 2018-02-21T13:02:51Z
7slgu0of1ox3ulFoK1y2Ur, 2018-02-22T21:35:22Z
1R9bPJZetPXCOYAWO2wMm2, 2018-02-22T21:50:30Z
5kCVHTxREHhkWk2zd7c4Nf, 2018-02-25T13:35:35Z
7vrOjXJ3Oht6fFYxwoEV5J, 2018-02-25T13:42:57Z
79ixYOEm8OrKGIQxI7jVye, 2018-03-01T16:44:18Z
4sOsx5GS3GKgNlYZJP3JjG, 2018-01-03T20:11:28Z
0d79StaU4NfHKLhRrs2A1K, 2018-01-03T20:11:41Z
6ZFZdQchNc7TxAs2wfETUU, 2018-01-04T11:31:11Z
2SPI1dXVaZvR4qlwbzxdcC, 2018-01-04T11:42:34Z
1sEkQDvj0SurW8OUbQ8W3H, 2018-01-04T11:50:19Z
00zyym4yTVCINvMCj0SI4c, 2018-01-08T19:46:10Z
3dgMPpTQJ9Y91TkB072ZN3, 2018-01-08T19:48:09Z
0c0Z5agmnSibjIWjdZV6R1, 2018-01-08T20:16:39Z
4i5hLY7mNIp70YhZveeItm, 2018-01-09T12:37:24Z
5qDuLwtzW9ZnA6eSlMtNS9, 2018-01-11T12:51:55Z
7mxvuhmRrnQ31vHRm9A9qj, 2018-01-16T13:49:01Z
2QuhQtkWjIgUnD0osMVxmQ, 2018-01-17T19:36:24Z
60Pe9j2pCBa4Zp4ztf5nhd, 2018-01-23T00:42:44Z
2X6aJuZFrSk2DkfcQPZGPf, 2017-12-07T11:49:51Z
0qMipvRrUpGHtuKEGrdo9j, 2017-12-07T11:50:23Z
1BTYJkwPdYoxFMUsXpC20K, 2017-12-07T11:50:29Z
4TGt6VkcfTfBnjD6utxMWE, 2017-12-07T11:50:33Z
4CU2omKTK673RUFXOJn61e, 2017-12-12T21:19:52Z
5xZSbzCVTp0qQt2K6Dfe0V, 2017-12-17T02:44:47Z
6CmPfPRU24u5cXyinbeDXI, 2017-12-22T01:25:31Z
4AxrlOlmlKducWdz18bLYB, 2017-12-27T11:53:04Z
2jUGx86MKoqUdggswinzSf, 2017-11-08T18:26:15Z
4QF3kZeaMVcQrB2szZ74k0, 2017-10-02T20:39:10Z
2DUDJcjoRluKNpvvfbMwQ0, 2017-10-03T14:24:38Z
5CDPAysOhiQYKX2XH7zMDq, 2017-10-10T17:00:34Z
6bf3w2csA1NvxAuLTuPloX, 2017-10-15T09:30:54Z
4CU2omKTK673RUFXOJn61e, 2017-10-25T16:39:56Z
5VtAuAqfZcVcpzEpgERorO, 2017-10-27T11:04:12Z
7fyDbS2jM5v9SxpUvDvBRN, 2017-10-30T15:50:04Z
6chkDKDiskOeKnctKVO5GK, 2017-10-31T21:24:16Z
6h5IlvRJ2ZNPloCOdzUmyW, 2017-10-31T19:43:15Z
6Jz386ejfeRcGntcHZp4dF, 2017-09-05T16:24:47Z
3WjSknueyPj2el9g8CAhGr, 2017-09-12T12:02:27Z
6iOwd7ZwrZS2bNr6dXtyP3, 2017-09-15T17:01:44Z
6Nnq45sf7tv9Xjlbga83Lj, 2017-09-20T08:53:32Z
4QF3kZeaMVcQrB2szZ74k0, 2017-10-02T20:39:06Z
6lNq0WRb62TeLvuCoSszsj, 2017-08-19T17:51:54Z
1E9uIzPJCObTg9AhUvrGFj, 2017-08-19T19:20:30Z
6EidGY4S6hkU6fwNdSSabg, 2017-08-19T19:20:35Z
6HtaNO5421LSm2ptodKLQ1, 2017-08-19T19:24:45Z
0RleEAKmcUbJ3R7AK0dSfV, 2017-08-19T19:29:48Z
0m902KgphfY1cKdWmxNGPX, 2017-08-21T09:57:46Z
4KjXdsHEU5HHR7D5EcyTyK, 2017-08-21T10:00:08Z
76rCrPvrlLO4CyqAeaLu4o, 2017-08-27T19:20:03Z
32Rf95ZT8gxisQMK6xAhba, 2017-07-03T10:08:41Z
6K9AQkbcE4hQmQTprMNwZN, 2017-07-03T11:25:43Z
0gfKWvSPrtY2yMi7JoyIyM, 2017-07-06T17:48:23Z
6O5Uy3OvKyUsZ5cqon3em1, 2017-07-11T11:33:42Z
1gElMA7YL2UEE9njNW9eiR, 2017-07-11T11:33:44Z
5EJ9MfO86fEG7ICjhciyd1, 2017-07-11T11:33:56Z
7uTOzeuvf3hKvVSlTlQ06y, 2017-07-11T11:34:00Z
40XIh4aEp1Ts5F4XEQM2lj, 2017-07-11T11:34:05Z
1pZ4YQ93Wc9xoN0Q3h3fLq, 2017-07-12T09:58:14Z
0bZDQlvx2oS1NiUZZ1aXGu, 2017-07-16T13:00:04Z
2GIfOOa8hAywfzZptFz3xK, 2017-07-16T13:01:29Z
7JCA5bnyl63Jd6YfiRoSHl, 2017-07-17T12:13:17Z
6vVxHR30oPriN5PfIH1hNs, 2017-07-17T13:16:51Z
0cbRRgMJiIWNgX2xYb511K, 2017-07-17T19:30:10Z
04jqhpf3oV06HtlmthfcZZ, 2017-07-19T11:53:18Z
1xkOg49ZxldiM1ioIudwUS, 2017-07-19T12:09:15Z
2VdHRWJeGpIY0WJcQD2mYd, 2017-07-19T12:13:24Z
5rJJnYeAeIsb0T4FkiaUvX, 2017-07-21T19:43:11Z
6O8TenYzLpmIMpJokNjbyz, 2017-07-22T16:22:27Z
2F5ufz9gdh2oXz4Rd10zkb, 2017-07-22T16:22:42Z
6Ey0pDNYeVeZDabYdDqWav, 2017-07-24T15:03:02Z
5ZoI4tXPZzcN7PIVmxO7kF, 2017-07-24T18:33:30Z
2d7R8lUFB3kOl5cJVdIEka, 2017-07-24T21:53:45Z
6BkeuHmO4P69Ln2BSonrXi, 2017-07-25T15:23:59Z
3FeYusJP0HmqFlGuhYR3ff, 2017-07-26T14:11:15Z
4ugLp0bGRzn333EjSC6Qdl, 2017-07-26T19:56:25Z
5hLAvGak6o4xLKNbTmh2fp, 2017-07-26T20:15:26Z
5vE5RTY7KPaarso26QiPMW, 2017-07-26T21:02:12Z
6heLanhFhBRmdESWGARXKB, 2017-07-30T11:43:56Z
0VR6D8voTii804KGuO3nQR, 2017-07-31T09:04:42Z
6quMGNh47CpSR5kmZSYSTK, 2017-07-31T12:03:09Z
4KEHUSNacXytUkub2DFLNY, 2017-08-06T15:38:31Z
4Z69ib6xRIsOnBa65HhEMv, 2017-06-07T14:53:02Z
1htfXBi6akI5IHPt6gBvdu, 2017-06-07T14:53:11Z
1irRLXkxE4RkvJ81hxhGn7, 2017-06-07T14:28:31Z
7yipYjiyT3q5pHUTgmjOC6, 2017-06-07T14:54:23Z
39z6ziF7adlduCyqLcB6gz, 2017-06-07T15:22:35Z
6iXeUCEebJvyIJtixh2B5M, 2017-06-07T22:36:58Z
2P5isIB5PfwDrAFxLlSw6C, 2017-06-07T23:22:14Z
6VDpFz7idAvKPzgotn70iT, 2017-06-07T23:27:32Z
3rFzc8CLVDZ7OOtFa2jPYP, 2017-06-08T14:10:17Z
7sggBSMpdtpqtISmXvr8yN, 2017-06-13T11:27:08Z
45D9SDw2wQ9qg66PoWDD1p, 2017-06-13T11:27:54Z
1kWMqj68Dm5VHE3PXY7qJv, 2017-06-14T21:35:58Z
0qgiFuYhYuwtFXEwYakddE, 2017-06-14T21:59:08Z
6oI7lWaQ1jfjDduxYblGOo, 2017-06-16T11:12:00Z
1cYb7xyv2TEhrS0iqwVAv3, 2017-06-16T11:17:41Z
3CHJFleuQ0dwzc2tzKmTYj, 2017-06-16T11:22:33Z
0OnCJaXesiG1B8McnBRboW, 2017-06-16T11:25:16Z
5gAJNgsQomkampOwnuEQ44, 2017-06-16T11:38:11Z
5x5QQJ491MxL4cEnwq8U9r, 2017-06-16T11:56:35Z
4fkAWGCbxNizyNwsHlrajH, 2017-06-16T14:26:43Z
7dBMQbBKG6n9HkVXkUKnhQ, 2017-06-17T10:51:44Z
6QQ8diRSTraMgZIE4O0LNy, 2017-06-17T12:19:44Z
1U9McUicHbuEGRid3syBBt, 2017-06-18T13:39:11Z
5rJJnYeAeIsb0T4FkiaUvX, 2017-06-18T13:43:32Z
2HJJ9wz5JiSiTPUfSEZ7C7, 2017-06-18T13:48:30Z
6p4zghmSfsPEMxEPjRI65E, 2017-06-18T15:06:51Z
3WELuDeU9RGKdKu0TDHk9e, 2017-06-18T15:07:51Z
3AYXhPluFbNNJNk0iht8Ca, 2017-06-18T15:08:12Z
6nL1iuhn9ltoVTyMtk9YV3, 2017-06-18T15:08:22Z
1L9qsoNnyT3r8fgr2Pr7Ty, 2017-06-18T15:08:34Z
1SX67Tr9tUsppN6jbdtyTt, 2017-06-18T16:13:57Z
3s2jEWE6sQp8nRVINwpYYM, 2017-06-18T16:14:31Z
5xevas4P14kVmD4St0X3yy, 2017-06-18T15:44:30Z
5LDRwkxMyCTsQpyhmTbiAR, 2017-06-18T15:44:53Z
7kqNQW7GgRPRufxF0H6Mxc, 2017-06-18T15:45:06Z
4jDq1mUZm0qFtHrV8Mv3lz, 2017-06-18T15:58:46Z
3Dj0Ck0RmZO3lAOZ4NG6jg, 2017-06-20T11:37:42Z
7c3Oydv7ZFCKn8Gk8C7x91, 2017-06-20T11:40:54Z
75M1vS0AvZtLXbKLBllbvn, 2017-06-20T11:47:39Z
7FhKuFopFs9DZqocoHOvVs, 2017-06-20T14:12:09Z
6vZAcSLTHVUZ5K4zNLZfy5, 2017-06-20T14:15:41Z
3n2hMKglimXsMNQ2hFPLAs, 2017-06-20T14:19:17Z
4GWnO7nW2rKghM8qtR8kVJ, 2017-06-20T14:23:58Z
2fQ2iALVbAZ7MkH6PaaIJ6, 2017-06-20T14:37:49Z
4CoefkZkLoNg87MEXI7DaZ, 2017-06-20T18:09:24Z
44KPYUR71wGYQfkVnaUzX2, 2017-06-21T09:02:44Z
18k49mXvNPtKlcT6Ky39pe, 2017-06-21T09:12:52Z
3GsyiUxexVJyKz42CD8Dzl, 2017-06-21T09:30:12Z
2dGXDL8P7ibb3uPdQ4ybuM, 2017-06-21T10:02:50Z
0k216sn0JJL7XE1OjYBuVD, 2017-06-21T10:07:29Z
0UV5zxRMz6AO4ZwUOZNIKI, 2017-06-21T10:12:20Z
6oNs211OtOGzyZ2fvnMPHS, 2017-06-22T09:27:30Z
5519RhpzObr9Mn3iqoeodJ, 2017-06-22T14:46:06Z
7nAWCllwPCMNpPRDOP1eMF, 2017-06-24T16:17:57Z
0HQf0bd3oSZei450iKuUFR, 2017-06-26T07:53:20Z
6rqUOLt9dpfMANLMKTzoWj, 2017-06-26T07:59:30Z
2Aj0VVWg10s0tDGrZ5bsKr, 2017-06-26T08:06:59Z
5ZsjiK0NIgNmDhe5qiCVJI, 2017-06-26T08:13:05Z
7wM9mzVjfURM26QVdVxjrk, 2017-06-26T21:55:14Z
2xNQPaMWnaDpnkhiUwBhyD, 2017-06-26T21:56:15Z
2sowiwuhxt4nLIWP6vWJOa, 2017-06-26T22:48:05Z
7B32ckntos5QYbV9o7GF3q, 2017-06-27T14:16:32Z
0qdQUeKVyevrbKhAo0ibxS, 2017-05-07T17:34:42Z
23id2GteL3rOslFYgD6sYt, 2017-05-11T22:26:42Z
66gG8RzSA2sVQwME8e43wX, 2017-05-11T22:26:52Z
3qrEG6rQ9Qm72MNWeUKKiU, 2017-05-11T22:27:07Z
37XiVQnpNmL7iOa0mRKLq7, 2017-05-11T22:27:39Z
5MVrZa7cDtnAoMvCgRAMqb, 2017-05-11T22:28:16Z
6VltRkmJbCTqgKrTHk4Ulw, 2017-05-14T10:18:05Z
4KDeADeBGywOANiC7cAe6E, 2017-05-23T15:35:31Z
0Z98TIWD7aZixdFxNZvO9L, 2017-05-23T22:07:53Z
2Vim06YsRb4uJRpbeq6NR6, 2017-05-26T10:19:44Z
1htfXBi6akI5IHPt6gBvdu, 2017-06-07T14:36:43Z
2iN3sND7JNguttGbuyr8pe, 2017-04-02T10:46:09Z
1Wx0DSj7N0NJQAW4yzOIFv, 2017-04-02T10:46:31Z
4ZsI6OEPE9l58CnsMobRs8, 2017-04-02T10:54:02Z
24Jq9wfHPh7LpZ8uYPTpqw, 2017-04-02T11:01:31Z
3WJQDJH2MqZFJO0oknVHTf, 2017-04-03T12:07:35Z
0uTL9B6fuafXbArfNStT4n, 2017-04-06T18:05:05Z
2wHiHdDWkbZ0vp6C4L8DB9, 2017-04-11T12:47:25Z
681TtmHlM7MAh60fzskBUZ, 2017-04-11T12:47:30Z
2MivJKBsf8Urhe3T9p4GVx, 2017-04-12T08:38:58Z
5ijuRqUtZX9OGRL0eGPYpn, 2017-04-15T20:33:11Z
6KOCODclHOSzYRLhsUwez1, 2017-04-17T06:16:14Z
2SC0OwSqBMfVs9ZqUd3tZk, 2017-04-17T07:02:42Z
37XiVQnpNmL7iOa0mRKLq7, 2017-04-23T09:58:00Z
06XPGuotPcqL3V7gzcO9u1, 2017-04-25T15:39:10Z
1dZHIbmuBDAwXfQOM4dyM3, 2017-04-28T19:23:38Z
71KvnJWtIVW93D0EtvxqMC, 2017-04-29T20:15:28Z
5EOHQLk3GjDhhs4gVF31H6, 2017-05-03T20:57:12Z
2DnJjbjNTV9Nd5NOa1KGba, 2017-05-03T21:00:18Z
5e9TFTbltYBg2xThimr0rU, 2017-05-03T21:00:35Z
6cqcORKkxjI4AGR4MzARcA, 2017-06-02T16:58:11Z
00sydAz6PeOxYzwG1dRIPi, 2017-03-07T21:34:12Z
77bHrxVX3E2SWopfaoWrTw, 2017-03-07T21:36:46Z
24hghyOlo1dTQ9sv2wufpk, 2017-03-08T14:51:30Z
1LjDVV9sjJvvqE4ropBTSt, 2017-03-13T11:59:40Z
5mA8FkK1dwLjjxAFiDf86M, 2017-03-13T14:50:13Z
08JnzFfXzjSvxC63J2gcId, 2017-03-12T12:28:00Z
18kX8sPoqshqv0GtEOziTx, 2017-03-12T12:50:20Z
6cXDv1dgNfooKt3rnPvDnX, 2017-03-13T08:25:24Z
09QlsjM1ioEsJKMP6gJ583, 2017-03-14T00:08:31Z
0yLfXULLuRtVj2L4DIrwO7, 2017-03-17T17:31:18Z
1A7Nb5XVAJzXmbkk5S59t3, 2017-03-20T20:25:25Z
5sCFnWkZzZ4peYH6whTx3M, 2017-03-21T10:55:03Z
5qWSWfdX6NciFEyn3Y2723, 2017-03-22T16:19:27Z
5isHndEunT9J7bv4Mz9jgs, 2017-03-22T22:10:11Z
1z1ePyeyeG9Bs6GbTolA07, 2017-03-24T12:32:25Z
3Ou0VoPCSdmOR4qfjZhrtc, 2017-03-31T11:50:28Z
3QUwIPmabzxWY1m9INsHxA, 2017-02-03T14:02:51Z
5mW06RIeNR7m3ABDqjHf2T, 2017-02-13T08:50:14Z
2Vim06YsRb4uJRpbeq6NR6, 2017-02-13T13:52:26Z
41aTJx3zjZuQbT4jIaV87g, 2017-02-15T20:02:54Z
7H7T22yvZMLVzJHDONDYDp, 2017-02-15T20:03:09Z
0oRTq5NpJKFcsluQrS6HRR, 2017-02-20T16:49:37Z
0Etl0p4Z6doS0xFxqdhrOn, 2017-02-20T20:22:21Z
0E9j7eJ7lNZ80Lm5UNCPq0, 2017-02-22T01:29:52Z
4rKxuplYEn2zA1MQhuCbYm, 2017-02-22T02:03:45Z
5unLExF3iiG3YkU11u6wFO, 2017-02-22T12:02:52Z
0EKTuuDuN8bAIwqFB1bPYY, 2017-02-22T12:07:34Z
0VdtuykfOmGNeJAEBxzSqL, 2017-02-27T18:54:25Z
2tm6DT6k4W8A4paJdZ41M6, 2017-03-01T13:28:01Z
1qRA5BS78u3gME0loMl9AA, 2017-03-01T21:51:41Z
5XcZRgJv3zMhTqCyESjQrF, 2017-03-01T22:02:16Z
7LDTB4kVmrLCU5TqKjZnzm, 2017-03-01T22:02:20Z
0CsN37rcaVap8zz4uoxIEo, 2017-03-01T11:14:31Z
5fA6nOW6dooQY53YQrcLTm, 2017-03-01T11:27:53Z
77bHrxVX3E2SWopfaoWrTw, 2017-03-01T12:08:37Z
6FWNkRBwa7JY8uZhNPHzLk, 2017-07-13T17:41:31Z
0D6sB55ghk8IOOtoCoG83Z, 2017-01-05T09:54:06Z
1KjBsubnUzAU1dvxIEUky4, 2017-01-05T10:07:17Z
4n9WwRwD2WxBNWAukEtPlk, 2017-01-05T11:55:06Z
60FaXKuiMVpmpvsabFEAD2, 2017-01-05T11:55:20Z
6Siga5Vl809RNaiUUs9C6f, 2017-01-05T12:12:28Z
5pNYiMbnXm7UkewX2KhmyK, 2017-01-05T12:05:39Z
1yMJQqN3CBmD6AHcOBtQjn, 2017-01-05T12:01:02Z
2RAM2aTcf1FnzA4HIRSRDr, 2017-01-05T11:59:14Z
4BO2ijw6pifaJ4KGiYkhnI, 2017-01-05T12:14:07Z
798UQDI0kkPc562NvOZ163, 2017-01-05T20:43:28Z
6FWNkRBwa7JY8uZhNPHzLk, 2017-01-05T22:53:45Z
6CFMKKRgwrYDU44yC78X7b, 2017-01-05T22:56:03Z
140ZtSB1AWAZ4laUUNrkiL, 2017-01-05T23:30:47Z
4y6Hfr14fqyrvuzVwTp0fp, 2017-01-05T23:31:25Z
280ug6L9DqErWjRYws1xp8, 2017-01-05T23:32:41Z
2HQBom0a9aEfAREPAJK8Ud, 2017-01-05T23:34:17Z
0IgbInIzaPMlnjZ6TD0Shf, 2017-01-09T14:51:31Z
5GvNQ3SpfsB7RVyuzSmxJL, 2017-01-09T14:57:44Z
6ghe4sMRzup1cOu7TyEztf, 2017-01-11T17:57:31Z
5zrmY6grYtSpqWSQUOceym, 2017-01-12T19:18:04Z
6jpXbMkojsbyP1eOEG5vXq, 2017-01-12T19:31:06Z
4Ql086ydiDXfaX75XBSNXR, 2017-01-13T22:18:55Z
1gzzjV0ChFVE6Kxki1Ysyc, 2017-01-14T21:28:28Z
5iYeGYtca1mgA8fThgb4Xg, 2017-01-16T14:42:58Z
1pVzZOfj9bwB42l4Mz2qJH, 2017-01-16T14:51:50Z
6i3i8Mm2ul9SdYxPWVnoDp, 2017-01-16T14:55:50Z
49O6nOTVTxkr8MjN5NLorO, 2017-01-16T15:00:23Z
29eZ1vZbI0BjJPKNdDSoyN, 2017-01-19T18:27:33Z
7Ei03CkwbiCbbYsBQXxgQm, 2017-01-19T18:27:41Z
0ZOdg4zlrpoOW7hDal4cRy, 2017-01-19T18:56:23Z
42ubQOTKEONle9BNTlHTu3, 2017-01-24T08:58:40Z
3cw9aVFK8MTOUVtYC1WIkQ, 2017-01-24T18:44:07Z
7nbxw4OjPjRs27FkHmDZFJ, 2017-01-28T19:59:40Z
1edN1sOlyCeRfe1rH2P8fK, 2017-01-29T20:19:44Z
2VsSnYZzq8mhAtdhwzYxXi, 2017-01-29T20:31:00Z
1R06KfLRjBFEh7S1cmLfWk, 2017-01-31T11:13:05Z
1DrlLvlYd1FIjNavRm6NdX, 2016-12-04T23:30:48Z
0eoRS3ljPBewklaBlCpj3m, 2016-12-04T23:31:02Z
3OcBH9Vzd1UwJkQd3r1dVG, 2016-12-05T00:09:18Z
72blnrY13dICMIeedNY6T7, 2016-12-09T14:57:12Z
5HWNgu2BeVH0UZ1Q9ufI2D, 2016-12-05T00:16:48Z
5UxbjTLzDV72IWWLzVLAiF, 2016-12-05T11:56:12Z
33NO0lAbennI4yjPajoiJL, 2016-12-05T12:06:32Z
5MXXbGYNmRHR7ULMvZYo5R, 2016-12-08T22:31:27Z
2X89x2pEAeDgSIK3ag1jHU, 2016-12-05T13:07:52Z
34miSNKQ0xN7EG8zzzaFzI, 2016-12-05T12:17:29Z
3ONhJabe7sC4A3XiU7amBr, 2016-12-05T13:52:00Z
2fksstRvH4BLIsD383NqHo, 2016-12-08T22:30:56Z
6Q6dSJr0aBtTf6fRL5fMTo, 2016-12-09T16:40:35Z
4ELXC8bDxfXOY6cwNEJIEl, 2016-12-10T17:27:26Z
14vst2Dkr7OkYyzf1fftLu, 2016-12-11T13:57:38Z
7HhawuOJ17618C4VJfJn2K, 2016-12-11T13:58:05Z
7978vsDIHbrJ7sTKv8H5tz, 2016-12-13T12:06:18Z
376apBXikh3aodxTMpcOdE, 2016-12-15T16:07:34Z
24oPZkxrn8ZByOTOnvotYQ, 2016-12-17T16:17:46Z
3SonSIjuVY69wVRZ6nR7cm, 2016-12-17T23:03:47Z
6QKhoryYYcs3YfGpkZn73l, 2016-12-17T23:05:40Z
5dX9fDuiEkcEg12v6JQ4iO, 2016-12-21T14:45:50Z
7gQdmRhwM5qfD36YCMCGkl, 2016-12-21T14:56:23Z
3pfoubhOCoJpCpCApNEWJT, 2016-12-21T15:33:08Z
4YfJI7ViMo1PFrDDT88zOb, 2016-12-21T16:03:13Z
08JnzFfXzjSvxC63J2gcId, 2016-12-23T21:54:03Z
6dapkrbmm3HIyonAbCH6vV, 2016-12-28T12:33:34Z
73HRSW62DFn6FP0c4UTI86, 2016-12-28T12:38:36Z
3IZFztpuEpzvFLB36YuXht, 2016-12-28T12:53:07Z
6ImwMvodR57EIurvRqUi0q, 2016-12-30T13:02:15Z
5qE73YiMazBlI4r7PuervC, 2016-09-14T11:15:22Z
3bvopIrUBCopVDNoQKhJlV, 2016-09-11T23:16:30Z
6BhIfXFnwUWMl2sqbTMjqP, 2016-09-11T23:18:13Z
1FvDJ9KGxcqwv1utyPL3JZ, 2016-09-14T11:15:04Z
2RWraN4ZkuqjcNQAlBNGEH, 2016-09-14T11:19:03Z
7GeQk8PqG5NAENxCRLcw0B, 2016-09-14T11:19:12Z
5Nhsc59aScz67qNXA0y9Mn, 2016-09-14T11:19:22Z
6zt9d50BMArAT7iVkhnojT, 2016-09-14T11:22:33Z
0nrFtMeWOImByYbN4ZxjCD, 2016-09-14T11:25:01Z
5kNlCLWEZCAhuw7MPLUBRZ, 2016-09-14T11:57:10Z
03p52fO3w4RrRnnEqAAM0w, 2016-09-14T13:42:19Z
3OKl5T1yX6yuuS3nvqNUzX, 2016-09-15T10:50:21Z
0Gm8b2S6XNNL79SPIxlsVN, 2016-09-16T15:42:33Z
5TM2eqdzfWPHklI7YnBmsD, 2016-09-15T10:42:45Z
4MrVjRiW5Q2bjJrl3FC9xF, 2016-11-13T21:22:16Z
0JRBZ5RZGLhZKUoDIgaxQc, 2016-09-16T14:33:14Z
5p6me2mwQrGfH30eExHn6v, 2016-09-23T00:42:32Z
6pFIJ70gE4v0NGacC9lj3J, 2016-09-23T00:45:24Z
4xGFcQEIjtmbPD6Jsxq14M, 2016-09-23T00:49:57Z
0Def9GQnjyliBmy7LmoXvn, 2016-09-27T19:34:08Z
7u7qoYoCxbMyugDea70cLh, 2016-11-13T21:22:30Z
04U72dJzpaGsMl4edd1ZyX, 2016-09-23T18:04:49Z
4Jgdb4akerysh6y9SJVSF0, 2016-09-23T18:08:34Z
0E8IiKUfS98p3cUbQgh3yO, 2016-09-23T20:50:58Z
648BMGrt98kUbLo24A4vgj, 2016-09-23T20:51:02Z
3IxTzXsvEeKmVDewO5Gqp9, 2016-09-27T19:26:54Z
38CDEzd8mrY8Hix4nrqBBu, 2016-09-28T00:35:04Z
5mv1RIVcYp9XmD5WiWBb8w, 2016-09-29T00:37:09Z
3dipSm7lWInMbL3hRuMNBg, 2016-09-29T00:59:28Z
5mHTg6cqhyP0BmsTQKzN1X, 2016-10-13T19:14:53Z
0tQmp2AjidZ1Fqr1orscTe, 2016-10-14T12:47:05Z
08ZsI74y3P6mQw8En1c6tQ, 2016-10-21T17:12:15Z
0wmaGiDKtKaRf7G8nBfNsQ, 2016-11-05T21:17:42Z
3g7VAnSddlg5ovDDvrZlyR, 2016-11-05T21:17:44Z
6QgOkkoIDcycUFmfUXaFil, 2016-11-13T21:21:32Z
13tnv0a8pXDcnvn1W7gCCO, 2016-11-13T21:21:41Z
2rYZETHlA6JTDbbkAWj9jD, 2016-11-13T21:25:42Z
3uHcsNvSUp4NjVSni0ptjO, 2016-11-13T21:26:04Z
4t8W4JECLRWp1esQXCfDWc, 2016-11-13T21:26:23Z
4aBk7kngzk4G3vJEBKBMoC, 2016-11-13T21:26:30Z
1hGRe4d3LJCg1VszAU8Cy1, 2016-11-13T21:26:37Z
1yGc3DpUU57Hu9xJstb9Br, 2016-11-13T21:26:50Z
6lhQOGlAtb5NhWNqWmxEWI, 2016-11-13T21:27:07Z
1NxhgF5Fsb72lmBx1qGasR, 2016-11-13T21:27:25Z
2ciumJpDq8qGgbchpzU6ZC, 2016-11-13T21:27:31Z
4eiTSqoxOWExDu57OSQWgr, 2016-11-13T21:27:40Z
07O9q2uT9soqBbkBIf28Ig, 2016-11-13T21:27:49Z
292l5vdcXaDA8hvGvS0dS0, 2016-11-13T21:27:56Z
2VdTTgkUBf0pEClsPnRzBG, 2016-11-13T21:28:01Z
5mpiScA2oLJbnDKb9hR9Ai, 2016-11-13T21:28:14Z
2bHpNAMEsB3Wc00y87JTdn, 2016-11-13T21:28:43Z
5RH1TvXCPnk8z10KbKCzmW, 2016-11-13T21:29:22Z
63AYMkPl6rRn9m9NuUMrxI, 2016-11-13T21:29:44Z
2uA9EGy7KifPvk2F342IvR, 2016-11-13T21:30:09Z
03vZjTWmX1Bk57DIrYADdM, 2016-11-13T21:31:09Z
5oiI5GJzkc0h7I1783tRuz, 2016-11-13T21:31:16Z
0hlDiqc3QVR07JdhoA0XiC, 2016-11-17T19:25:12Z
41O8tPXRotLJbOUetAdFV9, 2016-11-17T19:54:15Z
50XA0BH4DJux5xJCXzBduW, 2016-11-17T19:58:33Z
7xCIpKMNNbrWeIILyHTH1u, 2016-11-17T20:07:10Z
0Hyr2jPRwOQF8pf13n8eB1, 2016-11-18T00:26:14Z
6uPigfYyqYrLvIgxbcJkcU, 2016-11-20T17:11:32Z
1zZ6iZiPO06osoLPjgsBgV, 2016-11-22T03:16:29Z
36ZOxRHACVmrQmYzWqxOB7, 2016-11-23T21:44:35Z
27R8wIAwO7HMhbEAOQOZpj, 2016-11-28T18:02:02Z
1DrlLvlYd1FIjNavRm6NdX, 2016-11-28T18:02:22Z
61rjspU9Rmf2NdrSmkVv0v, 2016-11-28T18:17:51Z
3mdo1znA61tI2RVALup1ft, 2016-11-28T19:38:31Z
0CxpSmyxzz6sFbnBSnZhPV, 2016-11-28T19:38:38Z
3SWZ9fHtWMxwkFok5qhhpO, 2016-11-28T19:38:50Z
6ilAaPHhxDFaaNS65fzQwF, 2016-12-02T08:23:26Z
0eoRS3ljPBewklaBlCpj3m, 2016-12-02T17:16:38Z
5QXWop3bfB8Jm1tUnHgZIZ, 2016-06-28T15:58:43Z
3OiBc6E43P6Y5LoqNbbMKf, 2016-06-28T17:48:21Z
5lWSa1rmuSL6OBPOnkAqoa, 2016-06-28T15:33:10Z
1v0ufp7FLTFcykUGOmFZKa, 2016-07-04T20:56:13Z
5B9AtHNUQTDSziK1XKlqEo, 2016-07-05T19:53:26Z
47oZliHl6rjY2en9Tujkgc, 2016-07-05T19:53:33Z
4CHDLQA19PRKRCtpBIzASe, 2016-07-07T19:15:45Z
2vqwdTke6zGoS4le7Zwe2g, 2016-07-08T12:02:09Z
3FJbueXe4fcYszl9i4U2gX, 2016-07-15T17:38:27Z
04CU0mOB98TZKgq35iFCf7, 2016-07-16T10:31:53Z
3g7VAnSddlg5ovDDvrZlyR, 2016-07-16T12:17:53Z
3370Ds8ImF9Hua2YlD6c9T, 2016-07-21T22:17:55Z
2CGMrYr5wbfQ0m3kV93kvm, 2016-07-31T21:40:19Z
0xMEF2WiqKWTIG7Krjungw, 2016-09-18T18:02:09Z
7dlvtSJgkXSOKtTH8OAHDY, 2016-09-18T21:08:56Z
2OjfWicW5RmrP5tKIcWrAx, 2016-09-18T21:27:31Z
63AYMkPl6rRn9m9NuUMrxI, 2016-11-13T21:29:40Z
29gAUokzTrxKQ9W0g55CKo, 2016-03-20T16:02:08Z
3XRYNy2nrlqwEZnpsGMGXk, 2016-03-21T16:30:12Z
4ZwPUKS2nsfJ6AhtWVGUuZ, 2016-03-21T20:50:49Z
0wNkGjxuZwc9c6dLxhwscF, 2016-03-22T13:41:29Z
7nAWCllwPCMNpPRDOP1eMF, 2016-03-30T13:30:54Z
2SIgTrGrUzm9k5oOElXRJY, 2016-03-30T13:34:07Z
5BkLKoARTfiJgl6waTOKn4, 2016-03-30T13:39:12Z
0XUg4SXrxxtNi2llt84eHL, 2016-03-30T13:43:20Z
3KQEaGulwYtq30T0yfKazN, 2016-03-30T13:49:54Z
0QBVmfj8nicnzfOhKWumZp, 2016-03-30T14:00:51Z
5lIcNEBH8qGLmph5EenmTm, 2016-03-30T17:06:35Z
5a7uskQ3CAOniRFSQo6DBp, 2016-04-01T10:43:18Z
2rNEUYh8hyr29Q8M7nHv9O, 2016-04-07T19:01:34Z
4SDkXXkN3SA9cfIyemqp0P, 2016-04-07T20:47:26Z
7ckSTfj9iJbZ49p5f86SHn, 2016-04-07T21:37:49Z
1hBrWzEjIWAmn7qIXKQNw3, 2016-04-08T18:45:02Z
5vEE1d5gkv3pgfZyppLeX8, 2016-04-27T21:33:57Z
3kRURM3BXkcSEGX7NrwXyG, 2016-04-27T21:34:05Z
6MLZXY8VnO8srdUEDL37yP, 2016-04-27T21:34:11Z
7eGKgpVkNraiJtJHL4CC1n, 2016-04-28T10:44:04Z
1L8PsRYBgVQxpRDpy9qJ6v, 2016-04-28T14:57:36Z
5qE73YiMazBlI4r7PuervC, 2016-05-08T15:41:22Z
4eQPhnfvgeb1wL0U0VN3mT, 2016-05-09T12:31:20Z
1ObsPp7jxAhaMCoj0E4hEF, 2016-05-11T16:38:55Z
1tMHDdJEz8MFrkPFgwFACG, 2016-05-16T19:36:31Z
2pucDx5Wyz9uHCou4wntHa, 2016-05-16T20:32:12Z
3wJU8VkajAbg3qLSFUAq6h, 2016-05-17T13:03:49Z
280ug6L9DqErWjRYws1xp8, 2016-07-09T23:00:22Z
4y6Hfr14fqyrvuzVwTp0fp, 2016-07-09T23:00:32Z
5OergxMcg9vSZ43V5RbiHF, 2016-07-09T23:00:46Z
2Nkkdxu07VARUdmb18ba9x, 2016-07-09T23:01:21Z
2mmTm9zcfU5JGhdd5W79Jv, 2016-07-09T23:01:25Z
2MM0QgfLkEQF5oukGchPr3, 2016-07-09T23:01:37Z
6PFu0gKRvsbd7rTLWJUUQ9, 2016-07-09T23:01:44Z
4xONa2vsxsDJr4xZxc18I8, 2016-07-09T23:02:12Z
7lJrfUAYPPKttRhVtbnsYr, 2016-07-09T23:02:37Z
4R3i6bPqzQrOQGUmZNCgOe, 2016-07-09T23:02:41Z
6AkrUkcJvjV7XI1Y9XInOb, 2016-07-09T23:02:54Z
0Hl2Vuhhhh8buesoxUk1DW, 2016-07-09T23:03:04Z
3zw6G70owywCriCNHKDQGH, 2016-07-09T23:03:39Z
5DPbd8DX8iqVcLwSHEMYmT, 2016-07-09T23:03:47Z
3BiZ8inbHGmvmOmLMFNXYn, 2016-07-09T23:04:00Z
2cjQdVcuTteaz44I0Cjs4f, 2016-07-09T23:04:10Z
1UfBAJfmofTffrae5ls6DA, 2015-12-22T13:10:05Z
3QwTs2IVUOVmQGFAHcqYBk, 2015-12-22T13:12:25Z
1uW3aCxNmXGbsjaBJpJRVj, 2015-12-22T17:02:20Z
1E4r8aMHDP3j2tq8atKzzt, 2015-12-23T23:34:39Z
6F0CQMioZrqgkp3oHx4hpY, 2015-12-24T19:18:58Z
6NxsCnLeLd8Ai1TrgGxzIx, 2015-12-24T19:25:25Z
5ZBZSepIdSYbPaTSZLvZBU, 2015-12-24T19:27:58Z
2HQBom0a9aEfAREPAJK8Ud, 2015-12-24T19:34:01Z
4jIlkkaUjEf80xNeMMy3Yy, 2015-12-24T19:40:05Z
34PidhtYDeDR2K4iHzLO2g, 2015-12-27T19:16:48Z
07NGsIMLUWSSgwKqsi8pGe, 2015-12-27T20:15:48Z
1j5tr0px8XFgXg4aRZgV8v, 2015-12-29T16:48:20Z
38Ngied9rBORlAbLYNCl4k, 2016-01-09T21:49:11Z
6ml6iL8HUdQKgtMaehAZc8, 2016-03-21T16:30:26Z
4tvGhuwJYE0ALzBUNLmacQ, 2016-09-14T11:16:54Z
2nVFpf4nsjhhVWEXMu6QMZ, 2016-09-14T11:17:04Z
0DnRAPLe4F3uSp3V0vfl7O, 2016-09-14T11:17:07Z
3drJvEvfMS5mnJ4JtmkM5S, 2016-09-14T11:17:11Z
3bDgjbhgJrCsKfntgE8xT1, 2016-09-14T11:17:14Z
2QKQcnbwJjXmLYxDc5tKrj, 2016-09-14T11:17:17Z
2Etb74rMIOY6flOAMqQzJR, 2016-09-14T11:17:21Z
28wGX1hoLCRbBZbEqITvE3, 2016-09-14T11:17:23Z
1vxw6aYJls2oq3gW0DujAo, 2016-09-14T11:17:26Z
49NRToCrz9mL045Iw9mw3x, 2016-09-14T11:17:29Z
3EnwSubPUaGwN55gTqgEJM, 2016-09-14T11:17:33Z
3bmdzcKPdbP32AUUF9hQUP, 2016-09-14T11:17:36Z
33oM8D4QN3aCz3OoaYqWrg, 2016-09-14T11:17:39Z
39KVMeXMLYpHki96V0Lwrd, 2016-09-14T11:17:42Z
7uoQRNx100em2FLLxnqym0, 2016-09-14T11:17:44Z
61QkubO5ny4DtTFoOaIRGg, 2016-09-14T11:17:47Z
5dJ0uTmnt3fmmfoSlQcovA, 2016-09-14T11:17:52Z
2A0obZIW8GeJeAFLSaxAC0, 2016-09-14T11:17:55Z
56xzyK1pLQ1Lw1AVcCM97r, 2016-09-14T11:17:58Z
2FSIX7BtCaGdx04vof4LBt, 2016-09-14T11:18:01Z
15ZLgSplvgUDKpfAxodQZ1, 2016-09-14T11:18:04Z
1bdqvBFKJKbkZvFeF7hNQs, 2016-09-14T11:18:09Z
6Pqd3RIG2ForELbVSi1XiK, 2016-09-14T11:18:14Z
5AVFX0OrsxNDEGUKR1ARyi, 2016-09-14T11:18:17Z
19ZFTaUTeQwdj4qtobTyx7, 2016-09-14T11:18:20Z
67G7NofxDgcBnAhXDDq1Eu, 2015-09-30T21:41:08Z
6ZeOVOdxz0Sf0o9yf6imUX, 2015-10-19T19:28:59Z
7cjEQ96eA5KxyUfCghhRwS, 2015-10-19T19:34:16Z
4QDbzpmRA6atTEEE2W7j7k, 2015-10-19T19:41:09Z
1odEpn9xw2Hom1tRxS1IHR, 2015-10-19T20:04:49Z
3lyRIMTCNcySUM3pse2JCC, 2015-10-19T22:36:30Z
3ZPBTg1mhUsMGftlzSsYjA, 2015-10-19T22:37:01Z
0aNyALtYxLGfCnNZHFViw2, 2015-10-19T22:37:27Z
3vtpctGxQS0f5KQM89xgoN, 2015-10-19T22:37:36Z
6cvH3BsdBRSae3DUqaattp, 2015-10-19T22:41:11Z
0qQH1frDu1mcR5PvCdF120, 2015-10-19T22:41:28Z
1XCXxmVOI6dgsaJV1njpcj, 2015-10-19T22:41:32Z
4qz4ak6B134M5DFiBofO0O, 2015-10-20T22:47:10Z
6G3eg9x3322RsAvM55ioOE, 2015-10-20T22:52:41Z
3tBbcuulKDC1o2odykT18R, 2015-10-20T22:57:57Z
3RDlzZEn1xT2PYSLCbYNKF, 2015-10-20T23:11:31Z
4eMHHSB98QBxOECsXInbxv, 2015-10-21T01:38:10Z
2exV9z43lWTWE391iGxJjw, 2015-10-21T14:39:18Z
1QHvQsqTuLKpnqap7z7sNN, 2015-10-30T14:12:34Z
1t7abUbjiFJeJAIUwA4Oz6, 2015-10-30T19:07:23Z
1wEF9G5G3tyQdqL91bltwJ, 2015-10-30T19:25:47Z
07KQDIv4fzlG4GNezzEjtB, 2015-11-01T18:39:49Z
1GILm0HpKAmHEGlTW5AwMR, 2015-11-01T18:40:34Z
7bx4zW72qdZKBb8p6g80jb, 2015-11-04T17:39:27Z
13d3blem6ADgFJftpSjcMo, 2015-11-13T19:29:55Z
2y4HRAVsKkBXVHyCaTUiE6, 2015-11-13T19:33:22Z
17hdos7cv1vAvcfoTU4Pym, 2015-11-13T19:43:43Z
5AJrhrwz4oSZX2PwwV4qrN, 2015-11-13T19:49:52Z
0dgdXBWLJTPXr5ZgJ2N4SA, 2015-11-13T19:58:01Z
3MGXOq1r0nuujulPYHsco0, 2015-11-13T20:02:54Z
2MchMKJTt0gQHao8r823fM, 2015-11-13T20:12:27Z
5f45hqKKBRkkWAvtS2nmGx, 2015-11-13T20:13:44Z
16PhD3Jn5p7DwlMp7Ej7Rk, 2015-11-13T20:14:38Z
5myzkbUsDzFuGjSdYXl7dV, 2015-11-13T20:20:28Z
1qKFhkZwFiDZtipTC6FLuf, 2015-11-13T21:36:41Z
4vjyqlA9CRFMKD0IT7uYTL, 2015-11-16T00:51:00Z
2gfl4ODm1JICQ3tI0oXTcQ, 2015-11-17T08:40:17Z
6CFMKKRgwrYDU44yC78X7b, 2015-11-16T23:11:56Z
56iL1lupRWMoUu3JotumJu, 2015-11-17T08:43:10Z
5LsTr1ePVpYPsQlzde8ALs, 2015-11-17T08:57:43Z
7boGhDgnV8IWKVLzrEtzYQ, 2015-11-18T00:07:40Z
3itBHsJ93mhD1Wq3D1fcOE, 2015-11-19T14:14:31Z
231bYfsK0cNXC3bIBDtr16, 2015-11-20T18:51:27Z
51XZD1FCrWyU3dDWJH4nzb, 2015-11-23T23:06:16Z
1v0ufp7FLTFcykUGOmFZKa, 2015-11-24T00:50:03Z
7b8s4Z0abQQ4x4jpct4GjR, 2015-11-27T14:05:32Z
1NYrdG5FI49ePN4sia6HAI, 2015-11-27T14:24:00Z
72gugwdcoiR4AcKzdhx9E0, 2015-11-28T14:30:02Z
6fdAGzFIlN3QMpxLo6jIAn, 2015-11-28T19:24:18Z
47oZliHl6rjY2en9Tujkgc, 2015-11-28T19:24:35Z
2gxbtJv0qfA1I4WsjgKPQe, 2015-11-30T02:12:13Z
7sm3orGGwNFqmWFSPRl8eT, 2015-11-30T02:14:35Z
3JtmBr2SVDZRXuQwkAX6db, 2015-12-01T15:13:54Z
0G3fbPbE1vGeABDEZF0jeG, 2015-12-03T03:07:21Z
6OaJYl2aAt3rj2kS0dUsgd, 2015-12-03T00:32:31Z
5vEE1d5gkv3pgfZyppLeX8, 2015-12-04T00:39:29Z
4yl1IpHPuXUV2MjxXy6hZn, 2015-12-04T00:57:53Z
5Nhsc59aScz67qNXA0y9Mn, 2015-12-06T14:34:37Z
509HA9Eo90mwvh21AjOMq9, 2015-12-07T14:54:32Z
5mv1RIVcYp9XmD5WiWBb8w, 2015-12-07T15:53:13Z
6XiPegr4iaqnj6GCpI5zA3, 2015-12-09T17:22:20Z
2scbGWVjIYsfieovyRyfv1, 2015-12-18T21:47:39Z
